1D06M2026,1D01 2026M06-EEX,F:1D06\M26,1D,20260608
1D07M2026,1D01 2026M07-EEX,F:1D07\M26,1D,20260608
1D08M2026,1D01 2026M08-EEX,F:1D08\M26,1D,20260608
1D09M2026,1D01 2026M09-EEX,F:1D09\M26,1D,20260609
1D10M2026,1D01 2026M10-EEX,F:1D10\M26,1D,20260610
1D11M2026,1D01 2026M11-EEX,F:1D11\M26,1D,20260611
1D12M2026,1D01 2026M12-EEX,F:1D12\M26,1D,20260612
1D13M2026,1D01 2026M13-EEX,F:1D13\M26,1D,20260615
1D14M2026,1D01 2026M14-EEX,F:1D14\M26,1D,20260615
1D15M2026,1D01 2026M15-EEX,F:1D15\M26,1D,20260615
1D16M2026,1D01 2026M16-EEX,F:1D16\M26,1D,20260616
1D17M2026,1D01 2026M17-EEX,F:1D17\M26,1D,20260617
1D18M2026,1D01 2026M18-EEX,F:1D18\M26,1D,20260618
1D19M2026,1D01 2026M19-EEX,F:1D19\M26,1D,20260619
1D20M2026,1D01 2026M20-EEX,F:1D20\M26,1D,20260622
1D21M2026,1D01 2026M21-EEX,F:1D21\M26,1D,20260622
1D22M2026,1D01 2026M22-EEX,F:1D22\M26,1D,20260622
1D23M2026,1D01 2026M23-EEX,F:1D23\M26,1D,20260623
1D24M2026,1D01 2026M24-EEX,F:1D24\M26,1D,20260624
1D25M2026,1D01 2026M25-EEX,F:1D25\M26,1D,20260625
1D26M2026,1D01 2026M26-EEX,F:1D26\M26,1D,20260626
1D27M2026,1D01 2026M27-EEX,F:1D27\M26,1D,20260629
1D28M2026,1D01 2026M28-EEX,F:1D28\M26,1D,20260629
1D29M2026,1D01 2026M29-EEX,F:1D29\M26,1D,20260629
1D30M2026,1D01 2026M30-EEX,F:1D30\M26,1D,20260630
1D01N2026,1D01 2026N01-EEX,F:1D01\N26,1D,20260701
1D02N2026,1D01 2026N02-EEX,F:1D02\N26,1D,20260702
1D03N2026,1D01 2026N03-EEX,F:1D03\N26,1D,20260703
1D04N2026,1D01 2026N04-EEX,F:1D04\N26,1D,20260706
1D05N2026,1D01 2026N05-EEX,F:1D05\N26,1D,20260706
1D06N2026,1D01 2026N06-EEX,F:1D06\N26,1D,20260706
1D07N2026,1D01 2026N07-EEX,F:1D07\N26,1D,20260707
1D08N2026,1D01 2026N08-EEX,F:1D08\N26,1D,20260708
1D09N2026,1D01 2026N09-EEX,F:1D09\N26,1D,20260709
1D10N2026,1D01 2026N10-EEX,F:1D10\N26,1D,20260710
1D11N2026,1D01 2026N11-EEX,F:1D11\N26,1D,20260713
1D12N2026,1D01 2026N12-EEX,F:1D12\N26,1D,20260713
1D13N2026,1D01 2026N13-EEX,F:1D13\N26,1D,20260713
1D14N2026,1D01 2026N14-EEX,F:1D14\N26,1D,20260714
1D15N2026,1D01 2026N15-EEX,F:1D15\N26,1D,20260715
1D16N2026,1D01 2026N16-EEX,F:1D16\N26,1D,20260716
1D17N2026,1D01 2026N17-EEX,F:1D17\N26,1D,20260717
1D18N2026,1D01 2026N18-EEX,F:1D18\N26,1D,20260720
1D19N2026,1D01 2026N19-EEX,F:1D19\N26,1D,20260720
1D20N2026,1D01 2026N20-EEX,F:1D20\N26,1D,20260720
1D21N2026,1D01 2026N21-EEX,F:1D21\N26,1D,20260721
1D22N2026,1D22N2026,F:1D22\N26,1D,20260722
1D23N2026,1D23N2026,F:1D23\N26,1D,20260723
1D24N2026,1D24N2026,F:1D24\N26,1D,20260724
1D25N2026,1D25N2026,F:1D25\N26,1D,20260727
1D26N2026,1D26N2026,F:1D26\N26,1D,20260727
1D27N2026,1D27N2026,F:1D27\N26,1D,20260727
1D28N2026,1D28N2026,F:1D28\N26,1D,20260728
1D29N2026,1D29N2026,F:1D29\N26,1D,20260729
1D30N2026,1D30N2026,F:1D30\N26,1D,20260730
1D31N2026,1D31N2026,F:1D31\N26,1D,20260731
1D01Q2026,1D01Q2026,F:1D01\Q26,1D,20260803
1D02Q2026,1D02Q2026,F:1D02\Q26,1D,20260803
1D03Q2026,1D03Q2026,F:1D03\Q26,1D,20260803
1D04Q2026,1D04Q2026,F:1D04\Q26,1D,20260804
1D05Q2026,1D05Q2026,F:1D05\Q26,1D,20260805
1D06Q2026,1D06Q2026,F:1D06\Q26,1D,20260806
1D07Q2026,1D07Q2026,F:1D07\Q26,1D,20260807
1D08Q2026,1D08Q2026,F:1D08\Q26,1D,20260810
1D09Q2026,1D09Q2026,F:1D09\Q26,1D,20260810
1D10Q2026,1D10Q2026,F:1D10\Q26,1D,20260810
1D11Q2026,1D11Q2026,F:1D11\Q26,1D,20260811
1D12Q2026,1D12Q2026,F:1D12\Q26,1D,20260812
1D13Q2026,1D01 2026Q13-EEX,F:1D13\Q26,1D,20260813
1D14Q2026,1D01 2026Q14-EEX,F:1D14\Q26,1D,20260814
1D15Q2026,1D01 2026Q15-EEX,F:1D15\Q26,1D,20260817
1D16Q2026,1D01 2026Q16-EEX,F:1D16\Q26,1D,20260817
1D17Q2026,1D01 2026Q17-EEX,F:1D17\Q26,1D,20260817
1D18Q2026,1D01 2026Q18-EEX,F:1D18\Q26,1D,20260818
1D19Q2026,1D01 2026Q19-EEX,F:1D19\Q26,1D,20260819
1D20Q2026,1D01 2026Q20-EEX,F:1D20\Q26,1D,20260820
1D21Q2026,1D01 2026Q21-EEX,F:1D21\Q26,1D,20260821
1D22Q2026,1D01 2026Q22-EEX,F:1D22\Q26,1D,20260824
1D23Q2026,1D01 2026Q23-EEX,F:1D23\Q26,1D,20260824
2D06M2026,2D01 2026M06-EEX,F:2D06\M26,2D,20260608
2D07M2026,2D01 2026M07-EEX,F:2D07\M26,2D,20260608
2D08M2026,2D01 2026M08-EEX,F:2D08\M26,2D,20260608
2D09M2026,2D01 2026M09-EEX,F:2D09\M26,2D,20260609
2D10M2026,2D01 2026M10-EEX,F:2D10\M26,2D,20260610
2D11M2026,2D01 2026M11-EEX,F:2D11\M26,2D,20260611
2D12M2026,2D01 2026M12-EEX,F:2D12\M26,2D,20260612
2D13M2026,2D01 2026M13-EEX,F:2D13\M26,2D,20260615
2D14M2026,2D01 2026M14-EEX,F:2D14\M26,2D,20260615
2D15M2026,2D01 2026M15-EEX,F:2D15\M26,2D,20260615
2D16M2026,2D01 2026M16-EEX,F:2D16\M26,2D,20260616
2D17M2026,2D01 2026M17-EEX,F:2D17\M26,2D,20260617
2D18M2026,2D01 2026M18-EEX,F:2D18\M26,2D,20260618
2D19M2026,2D01 2026M19-EEX,F:2D19\M26,2D,20260619
2D20M2026,2D01 2026M20-EEX,F:2D20\M26,2D,20260622
2D21M2026,2D01 2026M21-EEX,F:2D21\M26,2D,20260622
2D22M2026,2D01 2026M22-EEX,F:2D22\M26,2D,20260622
2D23M2026,2D01 2026M23-EEX,F:2D23\M26,2D,20260623
2D24M2026,2D01 2026M24-EEX,F:2D24\M26,2D,20260624
2D25M2026,2D01 2026M25-EEX,F:2D25\M26,2D,20260625
2D26M2026,2D01 2026M26-EEX,F:2D26\M26,2D,20260626
2D27M2026,2D01 2026M27-EEX,F:2D27\M26,2D,20260629
2D28M2026,2D01 2026M28-EEX,F:2D28\M26,2D,20260629
2D29M2026,2D01 2026M29-EEX,F:2D29\M26,2D,20260629
2D30M2026,2D01 2026M30-EEX,F:2D30\M26,2D,20260630
2D01N2026,2D01 2026N01-EEX,F:2D01\N26,2D,20260701
2D02N2026,2D01 2026N02-EEX,F:2D02\N26,2D,20260702
2D03N2026,2D01 2026N03-EEX,F:2D03\N26,2D,20260703
2D04N2026,2D01 2026N04-EEX,F:2D04\N26,2D,20260706
2D05N2026,2D01 2026N05-EEX,F:2D05\N26,2D,20260706
2D06N2026,2D01 2026N06-EEX,F:2D06\N26,2D,20260706
2D07N2026,2D01 2026N07-EEX,F:2D07\N26,2D,20260707
2D08N2026,2D01 2026N08-EEX,F:2D08\N26,2D,20260708
2D09N2026,2D01 2026N09-EEX,F:2D09\N26,2D,20260709
2D10N2026,2D01 2026N10-EEX,F:2D10\N26,2D,20260710
2D11N2026,2D01 2026N11-EEX,F:2D11\N26,2D,20260713
2D12N2026,2D01 2026N12-EEX,F:2D12\N26,2D,20260713
2D13N2026,2D01 2026N13-EEX,F:2D13\N26,2D,20260713
2D14N2026,2D01 2026N14-EEX,F:2D14\N26,2D,20260714
2D15N2026,2D01 2026N15-EEX,F:2D15\N26,2D,20260715
2D16N2026,2D01 2026N16-EEX,F:2D16\N26,2D,20260716
2D17N2026,2D01 2026N17-EEX,F:2D17\N26,2D,20260717
2D18N2026,2D01 2026N18-EEX,F:2D18\N26,2D,20260720
2D19N2026,2D01 2026N19-EEX,F:2D19\N26,2D,20260720
2D20N2026,2D01 2026N20-EEX,F:2D20\N26,2D,20260720
2D21N2026,2D01 2026N21-EEX,F:2D21\N26,2D,20260721
2D22N2026,2D22N2026,F:2D22\N26,2D,20260722
2D23N2026,2D23N2026,F:2D23\N26,2D,20260723
2D24N2026,2D24N2026,F:2D24\N26,2D,20260724
2D25N2026,2D25N2026,F:2D25\N26,2D,20260727
2D26N2026,2D26N2026,F:2D26\N26,2D,20260727
2D27N2026,2D27N2026,F:2D27\N26,2D,20260727
2D28N2026,2D28N2026,F:2D28\N26,2D,20260728
2D29N2026,2D29N2026,F:2D29\N26,2D,20260729
2D30N2026,2D30N2026,F:2D30\N26,2D,20260730
2D31N2026,2D31N2026,F:2D31\N26,2D,20260731
2D01Q2026,2D01Q2026,F:2D01\Q26,2D,20260803
2D02Q2026,2D02Q2026,F:2D02\Q26,2D,20260803
2D03Q2026,2D03Q2026,F:2D03\Q26,2D,20260803
2D04Q2026,2D04Q2026,F:2D04\Q26,2D,20260804
2D05Q2026,2D05Q2026,F:2D05\Q26,2D,20260805
2D06Q2026,2D06Q2026,F:2D06\Q26,2D,20260806
2D07Q2026,2D07Q2026,F:2D07\Q26,2D,20260807
2D08Q2026,2D08Q2026,F:2D08\Q26,2D,20260810
2D09Q2026,2D09Q2026,F:2D09\Q26,2D,20260810
2D10Q2026,2D10Q2026,F:2D10\Q26,2D,20260810
2D11Q2026,2D11Q2026,F:2D11\Q26,2D,20260811
2D12Q2026,2D12Q2026,F:2D12\Q26,2D,20260812
2D13Q2026,2D01 2026Q13-EEX,F:2D13\Q26,2D,20260813
2D14Q2026,2D01 2026Q14-EEX,F:2D14\Q26,2D,20260814
2D15Q2026,2D01 2026Q15-EEX,F:2D15\Q26,2D,20260817
2D16Q2026,2D01 2026Q16-EEX,F:2D16\Q26,2D,20260817
2D17Q2026,2D01 2026Q17-EEX,F:2D17\Q26,2D,20260817
2D18Q2026,2D01 2026Q18-EEX,F:2D18\Q26,2D,20260818
2D19Q2026,2D01 2026Q19-EEX,F:2D19\Q26,2D,20260819
2D20Q2026,2D01 2026Q20-EEX,F:2D20\Q26,2D,20260820
2D21Q2026,2D01 2026Q21-EEX,F:2D21\Q26,2D,20260821
2D22Q2026,2D01 2026Q22-EEX,F:2D22\Q26,2D,20260824
2D23Q2026,2D01 2026Q23-EEX,F:2D23\Q26,2D,20260824
AB06M2026,AB01 2026M06-EEX,F:AB06\M26,AB,20260608
AB07M2026,AB01 2026M07-EEX,F:AB07\M26,AB,20260608
AB08M2026,AB01 2026M08-EEX,F:AB08\M26,AB,20260608
AB09M2026,AB01 2026M09-EEX,F:AB09\M26,AB,20260609
AB10M2026,AB01 2026M10-EEX,F:AB10\M26,AB,20260610
AB11M2026,AB01 2026M11-EEX,F:AB11\M26,AB,20260611
AB12M2026,AB01 2026M12-EEX,F:AB12\M26,AB,20260612
AB13M2026,AB01 2026M13-EEX,F:AB13\M26,AB,20260615
AB14M2026,AB01 2026M14-EEX,F:AB14\M26,AB,20260615
AB15M2026,AB01 2026M15-EEX,F:AB15\M26,AB,20260615
AB16M2026,AB01 2026M16-EEX,F:AB16\M26,AB,20260616
AB17M2026,AB01 2026M17-EEX,F:AB17\M26,AB,20260617
AB18M2026,AB01 2026M18-EEX,F:AB18\M26,AB,20260618
AB19M2026,AB01 2026M19-EEX,F:AB19\M26,AB,20260619
AB20M2026,AB01 2026M20-EEX,F:AB20\M26,AB,20260622
AB21M2026,AB01 2026M21-EEX,F:AB21\M26,AB,20260622
AB22M2026,AB01 2026M22-EEX,F:AB22\M26,AB,20260622
AB23M2026,AB01 2026M23-EEX,F:AB23\M26,AB,20260623
AB24M2026,AB01 2026M24-EEX,F:AB24\M26,AB,20260624
AB25M2026,AB01 2026M25-EEX,F:AB25\M26,AB,20260625
AB26M2026,AB01 2026M26-EEX,F:AB26\M26,AB,20260626
AB27M2026,AB01 2026M27-EEX,F:AB27\M26,AB,20260629
AB28M2026,AB01 2026M28-EEX,F:AB28\M26,AB,20260629
AB29M2026,AB01 2026M29-EEX,F:AB29\M26,AB,20260629
AB30M2026,AB01 2026M30-EEX,F:AB30\M26,AB,20260630
AB01N2026,AB01 2026N01-EEX,F:AB01\N26,AB,20260701
AB02N2026,AB01 2026N02-EEX,F:AB02\N26,AB,20260702
AB03N2026,AB01 2026N03-EEX,F:AB03\N26,AB,20260703
AB04N2026,AB01 2026N04-EEX,F:AB04\N26,AB,20260706
AB05N2026,AB01 2026N05-EEX,F:AB05\N26,AB,20260706
AB06N2026,AB01 2026N06-EEX,F:AB06\N26,AB,20260706
AB07N2026,AB01 2026N07-EEX,F:AB07\N26,AB,20260707
AB08N2026,AB01 2026N08-EEX,F:AB08\N26,AB,20260708
AB09N2026,AB01 2026N09-EEX,F:AB09\N26,AB,20260709
AB10N2026,AB01 2026N10-EEX,F:AB10\N26,AB,20260710
AB11N2026,AB01 2026N11-EEX,F:AB11\N26,AB,20260713
AB12N2026,AB01 2026N12-EEX,F:AB12\N26,AB,20260713
AB13N2026,AB01 2026N13-EEX,F:AB13\N26,AB,20260713
AB14N2026,AB01 2026N14-EEX,F:AB14\N26,AB,20260714
AB15N2026,AB01 2026N15-EEX,F:AB15\N26,AB,20260715
AB16N2026,AB01 2026N16-EEX,F:AB16\N26,AB,20260716
AB17N2026,AB01 2026N17-EEX,F:AB17\N26,AB,20260717
AB18N2026,AB01 2026N18-EEX,F:AB18\N26,AB,20260720
AB19N2026,AB01 2026N19-EEX,F:AB19\N26,AB,20260720
AB20N2026,AB01 2026N20-EEX,F:AB20\N26,AB,20260720
AB21N2026,AB01 2026N21-EEX,F:AB21\N26,AB,20260721
AB22N2026,AB22N2026,F:AB22\N26,AB,20260722
AB23N2026,AB23N2026,F:AB23\N26,AB,20260723
AB24N2026,AB24N2026,F:AB24\N26,AB,20260724
AB25N2026,AB25N2026,F:AB25\N26,AB,20260727
AB26N2026,AB26N2026,F:AB26\N26,AB,20260727
AB27N2026,AB27N2026,F:AB27\N26,AB,20260727
AB28N2026,AB28N2026,F:AB28\N26,AB,20260728
AB29N2026,AB29N2026,F:AB29\N26,AB,20260729
AB30N2026,AB30N2026,F:AB30\N26,AB,20260730
AB31N2026,AB31N2026,F:AB31\N26,AB,20260731
AB01Q2026,AB01Q2026,F:AB01\Q26,AB,20260803
AB02Q2026,AB02Q2026,F:AB02\Q26,AB,20260803
AB03Q2026,AB03Q2026,F:AB03\Q26,AB,20260803
AB04Q2026,AB04Q2026,F:AB04\Q26,AB,20260804
AB05Q2026,AB05Q2026,F:AB05\Q26,AB,20260805
AB06Q2026,AB06Q2026,F:AB06\Q26,AB,20260806
AB07Q2026,AB07Q2026,F:AB07\Q26,AB,20260807
AB08Q2026,AB08Q2026,F:AB08\Q26,AB,20260810
AB09Q2026,AB09Q2026,F:AB09\Q26,AB,20260810
AB10Q2026,AB10Q2026,F:AB10\Q26,AB,20260810
AB11Q2026,AB11Q2026,F:AB11\Q26,AB,20260811
AB12Q2026,AB12Q2026,F:AB12\Q26,AB,20260812
AB13Q2026,AB01 2026Q13-EEX,F:AB13\Q26,AB,20260813
AB14Q2026,AB01 2026Q14-EEX,F:AB14\Q26,AB,20260814
AB15Q2026,AB01 2026Q15-EEX,F:AB15\Q26,AB,20260817
AB16Q2026,AB01 2026Q16-EEX,F:AB16\Q26,AB,20260817
AB17Q2026,AB01 2026Q17-EEX,F:AB17\Q26,AB,20260817
AB18Q2026,AB01 2026Q18-EEX,F:AB18\Q26,AB,20260818
AB19Q2026,AB01 2026Q19-EEX,F:AB19\Q26,AB,20260819
AB20Q2026,AB01 2026Q20-EEX,F:AB20\Q26,AB,20260820
AB21Q2026,AB01 2026Q21-EEX,F:AB21\Q26,AB,20260821
AB22Q2026,AB01 2026Q22-EEX,F:AB22\Q26,AB,20260824
AB23Q2026,AB01 2026Q23-EEX,F:AB23\Q26,AB,20260824
AP06M2026,AP01 2026M06-EEX,F:AP06\M26,AP,20260608
AP07M2026,AP01 2026M07-EEX,F:AP07\M26,AP,20260608
AP08M2026,AP01 2026M08-EEX,F:AP08\M26,AP,20260608
AP09M2026,AP01 2026M09-EEX,F:AP09\M26,AP,20260609
AP10M2026,AP01 2026M10-EEX,F:AP10\M26,AP,20260610
AP11M2026,AP01 2026M11-EEX,F:AP11\M26,AP,20260611
AP12M2026,AP01 2026M12-EEX,F:AP12\M26,AP,20260612
AP13M2026,AP01 2026M13-EEX,F:AP13\M26,AP,20260615
AP14M2026,AP01 2026M14-EEX,F:AP14\M26,AP,20260615
AP15M2026,AP01 2026M15-EEX,F:AP15\M26,AP,20260615
AP16M2026,AP01 2026M16-EEX,F:AP16\M26,AP,20260616
AP17M2026,AP01 2026M17-EEX,F:AP17\M26,AP,20260617
AP18M2026,AP01 2026M18-EEX,F:AP18\M26,AP,20260618
AP19M2026,AP01 2026M19-EEX,F:AP19\M26,AP,20260619
AP20M2026,AP01 2026M20-EEX,F:AP20\M26,AP,20260622
AP21M2026,AP01 2026M21-EEX,F:AP21\M26,AP,20260622
AP22M2026,AP01 2026M22-EEX,F:AP22\M26,AP,20260622
AP23M2026,AP01 2026M23-EEX,F:AP23\M26,AP,20260623
AP24M2026,AP01 2026M24-EEX,F:AP24\M26,AP,20260624
AP25M2026,AP01 2026M25-EEX,F:AP25\M26,AP,20260625
AP26M2026,AP01 2026M26-EEX,F:AP26\M26,AP,20260626
AP27M2026,AP01 2026M27-EEX,F:AP27\M26,AP,20260629
AP28M2026,AP01 2026M28-EEX,F:AP28\M26,AP,20260629
AP29M2026,AP01 2026M29-EEX,F:AP29\M26,AP,20260629
AP30M2026,AP01 2026M30-EEX,F:AP30\M26,AP,20260630
AP01N2026,AP01 2026N01-EEX,F:AP01\N26,AP,20260701
AP02N2026,AP01 2026N02-EEX,F:AP02\N26,AP,20260702
AP03N2026,AP01 2026N03-EEX,F:AP03\N26,AP,20260703
AP04N2026,AP01 2026N04-EEX,F:AP04\N26,AP,20260706
AP05N2026,AP01 2026N05-EEX,F:AP05\N26,AP,20260706
AP06N2026,AP01 2026N06-EEX,F:AP06\N26,AP,20260706
AP07N2026,AP01 2026N07-EEX,F:AP07\N26,AP,20260707
AP08N2026,AP01 2026N08-EEX,F:AP08\N26,AP,20260708
AP09N2026,AP01 2026N09-EEX,F:AP09\N26,AP,20260709
AP10N2026,AP01 2026N10-EEX,F:AP10\N26,AP,20260710
AP11N2026,AP01 2026N11-EEX,F:AP11\N26,AP,20260713
AP12N2026,AP01 2026N12-EEX,F:AP12\N26,AP,20260713
AP13N2026,AP01 2026N13-EEX,F:AP13\N26,AP,20260713
AP14N2026,AP01 2026N14-EEX,F:AP14\N26,AP,20260714
AP15N2026,AP01 2026N15-EEX,F:AP15\N26,AP,20260715
AP16N2026,AP01 2026N16-EEX,F:AP16\N26,AP,20260716
AP17N2026,AP01 2026N17-EEX,F:AP17\N26,AP,20260717
AP18N2026,AP01 2026N18-EEX,F:AP18\N26,AP,20260720
AP19N2026,AP01 2026N19-EEX,F:AP19\N26,AP,20260720
AP20N2026,AP01 2026N20-EEX,F:AP20\N26,AP,20260720
AP21N2026,AP01 2026N21-EEX,F:AP21\N26,AP,20260721
AP22N2026,AP22N2026,F:AP22\N26,AP,20260722
AP23N2026,AP23N2026,F:AP23\N26,AP,20260723
AP24N2026,AP24N2026,F:AP24\N26,AP,20260724
AP25N2026,AP25N2026,F:AP25\N26,AP,20260727
AP26N2026,AP26N2026,F:AP26\N26,AP,20260727
AP27N2026,AP27N2026,F:AP27\N26,AP,20260727
AP28N2026,AP28N2026,F:AP28\N26,AP,20260728
AP29N2026,AP29N2026,F:AP29\N26,AP,20260729
AP30N2026,AP30N2026,F:AP30\N26,AP,20260730
AP31N2026,AP31N2026,F:AP31\N26,AP,20260731
AP01Q2026,AP01Q2026,F:AP01\Q26,AP,20260803
AP02Q2026,AP02Q2026,F:AP02\Q26,AP,20260803
AP03Q2026,AP03Q2026,F:AP03\Q26,AP,20260803
AP04Q2026,AP04Q2026,F:AP04\Q26,AP,20260804
AP05Q2026,AP05Q2026,F:AP05\Q26,AP,20260805
AP06Q2026,AP06Q2026,F:AP06\Q26,AP,20260806
AP07Q2026,AP07Q2026,F:AP07\Q26,AP,20260807
AP08Q2026,AP08Q2026,F:AP08\Q26,AP,20260810
AP09Q2026,AP09Q2026,F:AP09\Q26,AP,20260810
AP10Q2026,AP10Q2026,F:AP10\Q26,AP,20260810
AP11Q2026,AP11Q2026,F:AP11\Q26,AP,20260811
AP12Q2026,AP12Q2026,F:AP12\Q26,AP,20260812
AP13Q2026,AP01 2026Q13-EEX,F:AP13\Q26,AP,20260813
AP14Q2026,AP01 2026Q14-EEX,F:AP14\Q26,AP,20260814
AP15Q2026,AP01 2026Q15-EEX,F:AP15\Q26,AP,20260817
AP16Q2026,AP01 2026Q16-EEX,F:AP16\Q26,AP,20260817
AP17Q2026,AP01 2026Q17-EEX,F:AP17\Q26,AP,20260817
AP18Q2026,AP01 2026Q18-EEX,F:AP18\Q26,AP,20260818
AP19Q2026,AP01 2026Q19-EEX,F:AP19\Q26,AP,20260819
AP20Q2026,AP01 2026Q20-EEX,F:AP20\Q26,AP,20260820
AP21Q2026,AP01 2026Q21-EEX,F:AP21\Q26,AP,20260821
AP22Q2026,AP01 2026Q22-EEX,F:AP22\Q26,AP,20260824
AP23Q2026,AP01 2026Q23-EEX,F:AP23\Q26,AP,20260824
DB06M2026,DB01 2026M06-EEX,F:DB06\M26,DB,20260608
DB07M2026,DB01 2026M07-EEX,F:DB07\M26,DB,20260608
DB08M2026,DB01 2026M08-EEX,F:DB08\M26,DB,20260608
DB09M2026,DB01 2026M09-EEX,F:DB09\M26,DB,20260609
DB10M2026,DB01 2026M10-EEX,F:DB10\M26,DB,20260610
DB11M2026,DB01 2026M11-EEX,F:DB11\M26,DB,20260611
DB12M2026,DB01 2026M12-EEX,F:DB12\M26,DB,20260612
DB13M2026,DB01 2026M13-EEX,F:DB13\M26,DB,20260615
DB14M2026,DB01 2026M14-EEX,F:DB14\M26,DB,20260615
DB15M2026,DB01 2026M15-EEX,F:DB15\M26,DB,20260615
DB16M2026,DB01 2026M16-EEX,F:DB16\M26,DB,20260616
DB17M2026,DB01 2026M17-EEX,F:DB17\M26,DB,20260617
DB18M2026,DB01 2026M18-EEX,F:DB18\M26,DB,20260618
DB19M2026,DB01 2026M19-EEX,F:DB19\M26,DB,20260619
DB20M2026,DB01 2026M20-EEX,F:DB20\M26,DB,20260622
DB21M2026,DB01 2026M21-EEX,F:DB21\M26,DB,20260622
DB22M2026,DB01 2026M22-EEX,F:DB22\M26,DB,20260622
DB23M2026,DB01 2026M23-EEX,F:DB23\M26,DB,20260623
DB24M2026,DB01 2026M24-EEX,F:DB24\M26,DB,20260624
DB25M2026,DB01 2026M25-EEX,F:DB25\M26,DB,20260625
DB26M2026,DB01 2026M26-EEX,F:DB26\M26,DB,20260626
DB27M2026,DB01 2026M27-EEX,F:DB27\M26,DB,20260629
DB28M2026,DB01 2026M28-EEX,F:DB28\M26,DB,20260629
DB29M2026,DB01 2026M29-EEX,F:DB29\M26,DB,20260629
DB30M2026,DB01 2026M30-EEX,F:DB30\M26,DB,20260630
DB01N2026,DB01 2026N01-EEX,F:DB01\N26,DB,20260701
DB02N2026,DB01 2026N02-EEX,F:DB02\N26,DB,20260702
DB03N2026,DB01 2026N03-EEX,F:DB03\N26,DB,20260703
DB04N2026,DB01 2026N04-EEX,F:DB04\N26,DB,20260706
DB05N2026,DB01 2026N05-EEX,F:DB05\N26,DB,20260706
DB06N2026,DB01 2026N06-EEX,F:DB06\N26,DB,20260706
DB07N2026,DB01 2026N07-EEX,F:DB07\N26,DB,20260707
DB08N2026,DB01 2026N08-EEX,F:DB08\N26,DB,20260708
DB09N2026,DB01 2026N09-EEX,F:DB09\N26,DB,20260709
DB10N2026,DB01 2026N10-EEX,F:DB10\N26,DB,20260710
DB11N2026,DB01 2026N11-EEX,F:DB11\N26,DB,20260713
DB12N2026,DB01 2026N12-EEX,F:DB12\N26,DB,20260713
DB13N2026,DB01 2026N13-EEX,F:DB13\N26,DB,20260713
DB14N2026,DB01 2026N14-EEX,F:DB14\N26,DB,20260714
DB15N2026,DB01 2026N15-EEX,F:DB15\N26,DB,20260715
DB16N2026,DB01 2026N16-EEX,F:DB16\N26,DB,20260716
DB17N2026,DB01 2026N17-EEX,F:DB17\N26,DB,20260717
DB18N2026,DB01 2026N18-EEX,F:DB18\N26,DB,20260720
DB19N2026,DB01 2026N19-EEX,F:DB19\N26,DB,20260720
DB20N2026,DB01 2026N20-EEX,F:DB20\N26,DB,20260720
DB21N2026,DB01 2026N21-EEX,F:DB21\N26,DB,20260721
DB22N2026,DB22N2026,F:DB22\N26,DB,20260722
DB23N2026,DB23N2026,F:DB23\N26,DB,20260723
DB24N2026,DB24N2026,F:DB24\N26,DB,20260724
DB25N2026,DB25N2026,F:DB25\N26,DB,20260727
DB26N2026,DB26N2026,F:DB26\N26,DB,20260727
DB27N2026,DB27N2026,F:DB27\N26,DB,20260727
DB28N2026,DB28N2026,F:DB28\N26,DB,20260728
DB29N2026,DB29N2026,F:DB29\N26,DB,20260729
DB30N2026,DB30N2026,F:DB30\N26,DB,20260730
DB31N2026,DB31N2026,F:DB31\N26,DB,20260731
DB01Q2026,DB01Q2026,F:DB01\Q26,DB,20260803
DB02Q2026,DB02Q2026,F:DB02\Q26,DB,20260803
DB03Q2026,DB03Q2026,F:DB03\Q26,DB,20260803
DB04Q2026,DB04Q2026,F:DB04\Q26,DB,20260804
DB05Q2026,DB05Q2026,F:DB05\Q26,DB,20260805
DB06Q2026,DB06Q2026,F:DB06\Q26,DB,20260806
DB07Q2026,DB07Q2026,F:DB07\Q26,DB,20260807
DB08Q2026,DB08Q2026,F:DB08\Q26,DB,20260810
DB09Q2026,DB09Q2026,F:DB09\Q26,DB,20260810
DB10Q2026,DB10Q2026,F:DB10\Q26,DB,20260810
DB11Q2026,DB11Q2026,F:DB11\Q26,DB,20260811
DB12Q2026,DB12Q2026,F:DB12\Q26,DB,20260812
DB13Q2026,DB01 2026Q13-EEX,F:DB13\Q26,DB,20260813
DB14Q2026,DB01 2026Q14-EEX,F:DB14\Q26,DB,20260814
DB15Q2026,DB01 2026Q15-EEX,F:DB15\Q26,DB,20260817
DB16Q2026,DB01 2026Q16-EEX,F:DB16\Q26,DB,20260817
DB17Q2026,DB01 2026Q17-EEX,F:DB17\Q26,DB,20260817
DB18Q2026,DB01 2026Q18-EEX,F:DB18\Q26,DB,20260818
DB19Q2026,DB01 2026Q19-EEX,F:DB19\Q26,DB,20260819
DB20Q2026,DB01 2026Q20-EEX,F:DB20\Q26,DB,20260820
DB21Q2026,DB01 2026Q21-EEX,F:DB21\Q26,DB,20260821
DB22Q2026,DB01 2026Q22-EEX,F:DB22\Q26,DB,20260824
DB23Q2026,DB01 2026Q23-EEX,F:DB23\Q26,DB,20260824
DP06M2026,DP01 2026M06-EEX,F:DP06\M26,DP,20260608
DP07M2026,DP01 2026M07-EEX,F:DP07\M26,DP,20260608
DP08M2026,DP01 2026M08-EEX,F:DP08\M26,DP,20260608
DP09M2026,DP01 2026M09-EEX,F:DP09\M26,DP,20260609
DP10M2026,DP01 2026M10-EEX,F:DP10\M26,DP,20260610
DP11M2026,DP01 2026M11-EEX,F:DP11\M26,DP,20260611
DP12M2026,DP01 2026M12-EEX,F:DP12\M26,DP,20260612
DP13M2026,DP01 2026M13-EEX,F:DP13\M26,DP,20260615
DP14M2026,DP01 2026M14-EEX,F:DP14\M26,DP,20260615
DP15M2026,DP01 2026M15-EEX,F:DP15\M26,DP,20260615
DP16M2026,DP01 2026M16-EEX,F:DP16\M26,DP,20260616
DP17M2026,DP01 2026M17-EEX,F:DP17\M26,DP,20260617
DP18M2026,DP01 2026M18-EEX,F:DP18\M26,DP,20260618
DP19M2026,DP01 2026M19-EEX,F:DP19\M26,DP,20260619
DP20M2026,DP01 2026M20-EEX,F:DP20\M26,DP,20260622
DP21M2026,DP01 2026M21-EEX,F:DP21\M26,DP,20260622
DP22M2026,DP01 2026M22-EEX,F:DP22\M26,DP,20260622
DP23M2026,DP01 2026M23-EEX,F:DP23\M26,DP,20260623
DP24M2026,DP01 2026M24-EEX,F:DP24\M26,DP,20260624
DP25M2026,DP01 2026M25-EEX,F:DP25\M26,DP,20260625
DP26M2026,DP01 2026M26-EEX,F:DP26\M26,DP,20260626
DP27M2026,DP01 2026M27-EEX,F:DP27\M26,DP,20260629
DP28M2026,DP01 2026M28-EEX,F:DP28\M26,DP,20260629
DP29M2026,DP01 2026M29-EEX,F:DP29\M26,DP,20260629
DP30M2026,DP01 2026M30-EEX,F:DP30\M26,DP,20260630
DP01N2026,DP01 2026N01-EEX,F:DP01\N26,DP,20260701
DP02N2026,DP01 2026N02-EEX,F:DP02\N26,DP,20260702
DP03N2026,DP01 2026N03-EEX,F:DP03\N26,DP,20260703
DP04N2026,DP01 2026N04-EEX,F:DP04\N26,DP,20260706
DP05N2026,DP01 2026N05-EEX,F:DP05\N26,DP,20260706
DP06N2026,DP01 2026N06-EEX,F:DP06\N26,DP,20260706
DP07N2026,DP01 2026N07-EEX,F:DP07\N26,DP,20260707
DP08N2026,DP01 2026N08-EEX,F:DP08\N26,DP,20260708
DP09N2026,DP01 2026N09-EEX,F:DP09\N26,DP,20260709
DP10N2026,DP01 2026N10-EEX,F:DP10\N26,DP,20260710
DP11N2026,DP01 2026N11-EEX,F:DP11\N26,DP,20260713
DP12N2026,DP01 2026N12-EEX,F:DP12\N26,DP,20260713
DP13N2026,DP01 2026N13-EEX,F:DP13\N26,DP,20260713
DP14N2026,DP01 2026N14-EEX,F:DP14\N26,DP,20260714
DP15N2026,DP01 2026N15-EEX,F:DP15\N26,DP,20260715
DP16N2026,DP01 2026N16-EEX,F:DP16\N26,DP,20260716
DP17N2026,DP01 2026N17-EEX,F:DP17\N26,DP,20260717
DP18N2026,DP01 2026N18-EEX,F:DP18\N26,DP,20260720
DP19N2026,DP01 2026N19-EEX,F:DP19\N26,DP,20260720
DP20N2026,DP01 2026N20-EEX,F:DP20\N26,DP,20260720
DP21N2026,DP01 2026N21-EEX,F:DP21\N26,DP,20260721
DP22N2026,DP22N2026,F:DP22\N26,DP,20260722
DP23N2026,DP23N2026,F:DP23\N26,DP,20260723
DP24N2026,DP24N2026,F:DP24\N26,DP,20260724
DP25N2026,DP25N2026,F:DP25\N26,DP,20260727
DP26N2026,DP26N2026,F:DP26\N26,DP,20260727
DP27N2026,DP27N2026,F:DP27\N26,DP,20260727
DP28N2026,DP28N2026,F:DP28\N26,DP,20260728
DP29N2026,DP29N2026,F:DP29\N26,DP,20260729
DP30N2026,DP30N2026,F:DP30\N26,DP,20260730
DP31N2026,DP31N2026,F:DP31\N26,DP,20260731
DP01Q2026,DP01Q2026,F:DP01\Q26,DP,20260803
DP02Q2026,DP02Q2026,F:DP02\Q26,DP,20260803
DP03Q2026,DP03Q2026,F:DP03\Q26,DP,20260803
DP04Q2026,DP04Q2026,F:DP04\Q26,DP,20260804
DP05Q2026,DP05Q2026,F:DP05\Q26,DP,20260805
DP06Q2026,DP06Q2026,F:DP06\Q26,DP,20260806
DP07Q2026,DP07Q2026,F:DP07\Q26,DP,20260807
DP08Q2026,DP08Q2026,F:DP08\Q26,DP,20260810
DP09Q2026,DP09Q2026,F:DP09\Q26,DP,20260810
DP10Q2026,DP10Q2026,F:DP10\Q26,DP,20260810
DP11Q2026,DP11Q2026,F:DP11\Q26,DP,20260811
DP12Q2026,DP12Q2026,F:DP12\Q26,DP,20260812
DP13Q2026,DP01 2026Q13-EEX,F:DP13\Q26,DP,20260813
DP14Q2026,DP01 2026Q14-EEX,F:DP14\Q26,DP,20260814
DP15Q2026,DP01 2026Q15-EEX,F:DP15\Q26,DP,20260817
DP16Q2026,DP01 2026Q16-EEX,F:DP16\Q26,DP,20260817
DP17Q2026,DP01 2026Q17-EEX,F:DP17\Q26,DP,20260817
DP18Q2026,DP01 2026Q18-EEX,F:DP18\Q26,DP,20260818
DP19Q2026,DP01 2026Q19-EEX,F:DP19\Q26,DP,20260819
DP20Q2026,DP01 2026Q20-EEX,F:DP20\Q26,DP,20260820
DP21Q2026,DP01 2026Q21-EEX,F:DP21\Q26,DP,20260821
DP22Q2026,DP01 2026Q22-EEX,F:DP22\Q26,DP,20260824
DP23Q2026,DP01 2026Q23-EEX,F:DP23\Q26,DP,20260824
ES06M2026,ES01 2026M06-EEX,F:ES06\M26,ES,20260608
ES07M2026,ES01 2026M07-EEX,F:ES07\M26,ES,20260608
ES08M2026,ES01 2026M08-EEX,F:ES08\M26,ES,20260608
ES09M2026,ES01 2026M09-EEX,F:ES09\M26,ES,20260609
ES10M2026,ES01 2026M10-EEX,F:ES10\M26,ES,20260610
ES11M2026,ES01 2026M11-EEX,F:ES11\M26,ES,20260611
ES12M2026,ES01 2026M12-EEX,F:ES12\M26,ES,20260612
ES13M2026,ES01 2026M13-EEX,F:ES13\M26,ES,20260615
ES14M2026,ES01 2026M14-EEX,F:ES14\M26,ES,20260615
ES15M2026,ES01 2026M15-EEX,F:ES15\M26,ES,20260615
ES16M2026,ES01 2026M16-EEX,F:ES16\M26,ES,20260616
ES17M2026,ES01 2026M17-EEX,F:ES17\M26,ES,20260617
ES18M2026,ES01 2026M18-EEX,F:ES18\M26,ES,20260618
ES19M2026,ES01 2026M19-EEX,F:ES19\M26,ES,20260619
ES20M2026,ES01 2026M20-EEX,F:ES20\M26,ES,20260622
ES21M2026,ES01 2026M21-EEX,F:ES21\M26,ES,20260622
ES22M2026,ES01 2026M22-EEX,F:ES22\M26,ES,20260622
ES23M2026,ES01 2026M23-EEX,F:ES23\M26,ES,20260623
ES24M2026,ES01 2026M24-EEX,F:ES24\M26,ES,20260624
ES25M2026,ES01 2026M25-EEX,F:ES25\M26,ES,20260625
ES26M2026,ES01 2026M26-EEX,F:ES26\M26,ES,20260626
ES27M2026,ES01 2026M27-EEX,F:ES27\M26,ES,20260629
ES28M2026,ES01 2026M28-EEX,F:ES28\M26,ES,20260629
ES29M2026,ES01 2026M29-EEX,F:ES29\M26,ES,20260629
ES30M2026,ES01 2026M30-EEX,F:ES30\M26,ES,20260630
ES01N2026,ES01 2026N01-EEX,F:ES01\N26,ES,20260701
ES02N2026,ES01 2026N02-EEX,F:ES02\N26,ES,20260702
ES03N2026,ES01 2026N03-EEX,F:ES03\N26,ES,20260703
ES04N2026,ES01 2026N04-EEX,F:ES04\N26,ES,20260706
ES05N2026,ES01 2026N05-EEX,F:ES05\N26,ES,20260706
ES06N2026,ES01 2026N06-EEX,F:ES06\N26,ES,20260706
ES07N2026,ES01 2026N07-EEX,F:ES07\N26,ES,20260707
ES08N2026,ES01 2026N08-EEX,F:ES08\N26,ES,20260708
ES09N2026,ES01 2026N09-EEX,F:ES09\N26,ES,20260709
ES10N2026,ES01 2026N10-EEX,F:ES10\N26,ES,20260710
ES11N2026,ES01 2026N11-EEX,F:ES11\N26,ES,20260713
ES12N2026,ES01 2026N12-EEX,F:ES12\N26,ES,20260713
ES13N2026,ES01 2026N13-EEX,F:ES13\N26,ES,20260713
ES14N2026,ES01 2026N14-EEX,F:ES14\N26,ES,20260714
ES15N2026,ES01 2026N15-EEX,F:ES15\N26,ES,20260715
ES16N2026,ES01 2026N16-EEX,F:ES16\N26,ES,20260716
ES17N2026,ES01 2026N17-EEX,F:ES17\N26,ES,20260717
ES18N2026,ES01 2026N18-EEX,F:ES18\N26,ES,20260720
ES19N2026,ES01 2026N19-EEX,F:ES19\N26,ES,20260720
ES20N2026,ES01 2026N20-EEX,F:ES20\N26,ES,20260720
ES21N2026,ES01 2026N21-EEX,F:ES21\N26,ES,20260721
ES22N2026,ES22N2026,F:ES22\N26,ES,20260722
ES23N2026,ES23N2026,F:ES23\N26,ES,20260723
ES24N2026,ES24N2026,F:ES24\N26,ES,20260724
ES25N2026,ES25N2026,F:ES25\N26,ES,20260727
ES26N2026,ES26N2026,F:ES26\N26,ES,20260727
ES27N2026,ES27N2026,F:ES27\N26,ES,20260727
ES28N2026,ES28N2026,F:ES28\N26,ES,20260728
ES29N2026,ES29N2026,F:ES29\N26,ES,20260729
ES30N2026,ES30N2026,F:ES30\N26,ES,20260730
ES31N2026,ES31N2026,F:ES31\N26,ES,20260731
ES01Q2026,ES01Q2026,F:ES01\Q26,ES,20260803
ES02Q2026,ES02Q2026,F:ES02\Q26,ES,20260803
ES03Q2026,ES03Q2026,F:ES03\Q26,ES,20260803
ES04Q2026,ES04Q2026,F:ES04\Q26,ES,20260804
ES05Q2026,ES05Q2026,F:ES05\Q26,ES,20260805
ES06Q2026,ES06Q2026,F:ES06\Q26,ES,20260806
ES07Q2026,ES07Q2026,F:ES07\Q26,ES,20260807
ES08Q2026,ES08Q2026,F:ES08\Q26,ES,20260810
ES09Q2026,ES09Q2026,F:ES09\Q26,ES,20260810
ES10Q2026,ES10Q2026,F:ES10\Q26,ES,20260810
ES11Q2026,ES11Q2026,F:ES11\Q26,ES,20260811
ES12Q2026,ES12Q2026,F:ES12\Q26,ES,20260812
ES13Q2026,ES01 2026Q13-EEX,F:ES13\Q26,ES,20260813
ES14Q2026,ES01 2026Q14-EEX,F:ES14\Q26,ES,20260814
ES15Q2026,ES01 2026Q15-EEX,F:ES15\Q26,ES,20260817
ES16Q2026,ES01 2026Q16-EEX,F:ES16\Q26,ES,20260817
ES17Q2026,ES01 2026Q17-EEX,F:ES17\Q26,ES,20260817
ES18Q2026,ES01 2026Q18-EEX,F:ES18\Q26,ES,20260818
ES19Q2026,ES01 2026Q19-EEX,F:ES19\Q26,ES,20260819
ES20Q2026,ES01 2026Q20-EEX,F:ES20\Q26,ES,20260820
ES21Q2026,ES01 2026Q21-EEX,F:ES21\Q26,ES,20260821
ES22Q2026,ES01 2026Q22-EEX,F:ES22\Q26,ES,20260824
ES23Q2026,ES01 2026Q23-EEX,F:ES23\Q26,ES,20260824
F706M2026,F701 2026M06-EEX,F:F706\M26,F7,20260608
F707M2026,F701 2026M07-EEX,F:F707\M26,F7,20260608
F708M2026,F701 2026M08-EEX,F:F708\M26,F7,20260608
F709M2026,F701 2026M09-EEX,F:F709\M26,F7,20260609
F710M2026,F701 2026M10-EEX,F:F710\M26,F7,20260610
F711M2026,F701 2026M11-EEX,F:F711\M26,F7,20260611
F712M2026,F701 2026M12-EEX,F:F712\M26,F7,20260612
F713M2026,F701 2026M13-EEX,F:F713\M26,F7,20260615
F714M2026,F701 2026M14-EEX,F:F714\M26,F7,20260615
F715M2026,F701 2026M15-EEX,F:F715\M26,F7,20260615
F716M2026,F701 2026M16-EEX,F:F716\M26,F7,20260616
F717M2026,F701 2026M17-EEX,F:F717\M26,F7,20260617
F718M2026,F701 2026M18-EEX,F:F718\M26,F7,20260618
F719M2026,F701 2026M19-EEX,F:F719\M26,F7,20260619
F720M2026,F701 2026M20-EEX,F:F720\M26,F7,20260622
F721M2026,F701 2026M21-EEX,F:F721\M26,F7,20260622
F722M2026,F701 2026M22-EEX,F:F722\M26,F7,20260622
F723M2026,F701 2026M23-EEX,F:F723\M26,F7,20260623
F724M2026,F701 2026M24-EEX,F:F724\M26,F7,20260624
F725M2026,F701 2026M25-EEX,F:F725\M26,F7,20260625
F726M2026,F701 2026M26-EEX,F:F726\M26,F7,20260626
F727M2026,F701 2026M27-EEX,F:F727\M26,F7,20260629
F728M2026,F701 2026M28-EEX,F:F728\M26,F7,20260629
F729M2026,F701 2026M29-EEX,F:F729\M26,F7,20260629
F730M2026,F701 2026M30-EEX,F:F730\M26,F7,20260630
F701N2026,F701 2026N01-EEX,F:F701\N26,F7,20260701
F702N2026,F701 2026N02-EEX,F:F702\N26,F7,20260702
F703N2026,F701 2026N03-EEX,F:F703\N26,F7,20260703
F704N2026,F701 2026N04-EEX,F:F704\N26,F7,20260706
F705N2026,F701 2026N05-EEX,F:F705\N26,F7,20260706
F706N2026,F701 2026N06-EEX,F:F706\N26,F7,20260706
F707N2026,F701 2026N07-EEX,F:F707\N26,F7,20260707
F708N2026,F701 2026N08-EEX,F:F708\N26,F7,20260708
F709N2026,F701 2026N09-EEX,F:F709\N26,F7,20260709
F710N2026,F701 2026N10-EEX,F:F710\N26,F7,20260710
F711N2026,F701 2026N11-EEX,F:F711\N26,F7,20260713
F712N2026,F701 2026N12-EEX,F:F712\N26,F7,20260713
F713N2026,F701 2026N13-EEX,F:F713\N26,F7,20260713
F714N2026,F701 2026N14-EEX,F:F714\N26,F7,20260714
F715N2026,F701 2026N15-EEX,F:F715\N26,F7,20260715
F716N2026,F701 2026N16-EEX,F:F716\N26,F7,20260716
F717N2026,F701 2026N17-EEX,F:F717\N26,F7,20260717
F718N2026,F701 2026N18-EEX,F:F718\N26,F7,20260720
F719N2026,F701 2026N19-EEX,F:F719\N26,F7,20260720
F720N2026,F701 2026N20-EEX,F:F720\N26,F7,20260720
F721N2026,F701 2026N21-EEX,F:F721\N26,F7,20260721
F722N2026,F722N2026,F:F722\N26,F7,20260722
F723N2026,F723N2026,F:F723\N26,F7,20260723
F724N2026,F724N2026,F:F724\N26,F7,20260724
F725N2026,F725N2026,F:F725\N26,F7,20260727
F726N2026,F726N2026,F:F726\N26,F7,20260727
F727N2026,F727N2026,F:F727\N26,F7,20260727
F728N2026,F728N2026,F:F728\N26,F7,20260728
F729N2026,F729N2026,F:F729\N26,F7,20260729
F730N2026,F730N2026,F:F730\N26,F7,20260730
F731N2026,F731N2026,F:F731\N26,F7,20260731
F701Q2026,F701Q2026,F:F701\Q26,F7,20260803
F702Q2026,F702Q2026,F:F702\Q26,F7,20260803
F703Q2026,F703Q2026,F:F703\Q26,F7,20260803
F704Q2026,F704Q2026,F:F704\Q26,F7,20260804
F705Q2026,F705Q2026,F:F705\Q26,F7,20260805
F706Q2026,F706Q2026,F:F706\Q26,F7,20260806
F707Q2026,F707Q2026,F:F707\Q26,F7,20260807
F708Q2026,F708Q2026,F:F708\Q26,F7,20260810
F709Q2026,F709Q2026,F:F709\Q26,F7,20260810
F710Q2026,F710Q2026,F:F710\Q26,F7,20260810
F711Q2026,F711Q2026,F:F711\Q26,F7,20260811
F712Q2026,F712Q2026,F:F712\Q26,F7,20260812
F713Q2026,F701 2026Q13-EEX,F:F713\Q26,F7,20260813
F714Q2026,F701 2026Q14-EEX,F:F714\Q26,F7,20260814
F715Q2026,F701 2026Q15-EEX,F:F715\Q26,F7,20260817
F716Q2026,F701 2026Q16-EEX,F:F716\Q26,F7,20260817
F717Q2026,F701 2026Q17-EEX,F:F717\Q26,F7,20260817
F718Q2026,F701 2026Q18-EEX,F:F718\Q26,F7,20260818
F719Q2026,F701 2026Q19-EEX,F:F719\Q26,F7,20260819
F720Q2026,F701 2026Q20-EEX,F:F720\Q26,F7,20260820
F721Q2026,F701 2026Q21-EEX,F:F721\Q26,F7,20260821
F722Q2026,F701 2026Q22-EEX,F:F722\Q26,F7,20260824
F723Q2026,F701 2026Q23-EEX,F:F723\Q26,F7,20260824
F906M2026,F901 2026M06-EEX,F:F906\M26,F9,20260608
F907M2026,F901 2026M07-EEX,F:F907\M26,F9,20260608
F908M2026,F901 2026M08-EEX,F:F908\M26,F9,20260608
F909M2026,F901 2026M09-EEX,F:F909\M26,F9,20260609
F910M2026,F901 2026M10-EEX,F:F910\M26,F9,20260610
F911M2026,F901 2026M11-EEX,F:F911\M26,F9,20260611
F912M2026,F901 2026M12-EEX,F:F912\M26,F9,20260612
F913M2026,F901 2026M13-EEX,F:F913\M26,F9,20260615
F914M2026,F901 2026M14-EEX,F:F914\M26,F9,20260615
F915M2026,F901 2026M15-EEX,F:F915\M26,F9,20260615
F916M2026,F901 2026M16-EEX,F:F916\M26,F9,20260616
F917M2026,F901 2026M17-EEX,F:F917\M26,F9,20260617
F918M2026,F901 2026M18-EEX,F:F918\M26,F9,20260618
F919M2026,F901 2026M19-EEX,F:F919\M26,F9,20260619
F920M2026,F901 2026M20-EEX,F:F920\M26,F9,20260622
F921M2026,F901 2026M21-EEX,F:F921\M26,F9,20260622
F922M2026,F901 2026M22-EEX,F:F922\M26,F9,20260622
F923M2026,F901 2026M23-EEX,F:F923\M26,F9,20260623
F924M2026,F901 2026M24-EEX,F:F924\M26,F9,20260624
F925M2026,F901 2026M25-EEX,F:F925\M26,F9,20260625
F926M2026,F901 2026M26-EEX,F:F926\M26,F9,20260626
F927M2026,F901 2026M27-EEX,F:F927\M26,F9,20260629
F928M2026,F901 2026M28-EEX,F:F928\M26,F9,20260629
F929M2026,F901 2026M29-EEX,F:F929\M26,F9,20260629
F930M2026,F901 2026M30-EEX,F:F930\M26,F9,20260630
F901N2026,F901 2026N01-EEX,F:F901\N26,F9,20260701
F902N2026,F901 2026N02-EEX,F:F902\N26,F9,20260702
F903N2026,F901 2026N03-EEX,F:F903\N26,F9,20260703
F904N2026,F901 2026N04-EEX,F:F904\N26,F9,20260706
F905N2026,F901 2026N05-EEX,F:F905\N26,F9,20260706
F906N2026,F901 2026N06-EEX,F:F906\N26,F9,20260706
F907N2026,F901 2026N07-EEX,F:F907\N26,F9,20260707
F908N2026,F901 2026N08-EEX,F:F908\N26,F9,20260708
F909N2026,F901 2026N09-EEX,F:F909\N26,F9,20260709
F910N2026,F901 2026N10-EEX,F:F910\N26,F9,20260710
F911N2026,F901 2026N11-EEX,F:F911\N26,F9,20260713
F912N2026,F901 2026N12-EEX,F:F912\N26,F9,20260713
F913N2026,F901 2026N13-EEX,F:F913\N26,F9,20260713
F914N2026,F901 2026N14-EEX,F:F914\N26,F9,20260714
F915N2026,F901 2026N15-EEX,F:F915\N26,F9,20260715
F916N2026,F901 2026N16-EEX,F:F916\N26,F9,20260716
F917N2026,F901 2026N17-EEX,F:F917\N26,F9,20260717
F918N2026,F901 2026N18-EEX,F:F918\N26,F9,20260720
F919N2026,F901 2026N19-EEX,F:F919\N26,F9,20260720
F920N2026,F901 2026N20-EEX,F:F920\N26,F9,20260720
F921N2026,F901 2026N21-EEX,F:F921\N26,F9,20260721
F922N2026,F922N2026,F:F922\N26,F9,20260722
F923N2026,F923N2026,F:F923\N26,F9,20260723
F924N2026,F924N2026,F:F924\N26,F9,20260724
F925N2026,F925N2026,F:F925\N26,F9,20260727
F926N2026,F926N2026,F:F926\N26,F9,20260727
F927N2026,F927N2026,F:F927\N26,F9,20260727
F928N2026,F928N2026,F:F928\N26,F9,20260728
F929N2026,F929N2026,F:F929\N26,F9,20260729
F930N2026,F930N2026,F:F930\N26,F9,20260730
F931N2026,F931N2026,F:F931\N26,F9,20260731
F901Q2026,F901Q2026,F:F901\Q26,F9,20260803
F902Q2026,F902Q2026,F:F902\Q26,F9,20260803
F903Q2026,F903Q2026,F:F903\Q26,F9,20260803
F904Q2026,F904Q2026,F:F904\Q26,F9,20260804
F905Q2026,F905Q2026,F:F905\Q26,F9,20260805
F906Q2026,F906Q2026,F:F906\Q26,F9,20260806
F907Q2026,F907Q2026,F:F907\Q26,F9,20260807
F908Q2026,F908Q2026,F:F908\Q26,F9,20260810
F909Q2026,F909Q2026,F:F909\Q26,F9,20260810
F910Q2026,F910Q2026,F:F910\Q26,F9,20260810
F911Q2026,F911Q2026,F:F911\Q26,F9,20260811
F912Q2026,F912Q2026,F:F912\Q26,F9,20260812
F913Q2026,F901 2026Q13-EEX,F:F913\Q26,F9,20260813
F914Q2026,F901 2026Q14-EEX,F:F914\Q26,F9,20260814
F915Q2026,F901 2026Q15-EEX,F:F915\Q26,F9,20260817
F916Q2026,F901 2026Q16-EEX,F:F916\Q26,F9,20260817
F917Q2026,F901 2026Q17-EEX,F:F917\Q26,F9,20260817
F918Q2026,F901 2026Q18-EEX,F:F918\Q26,F9,20260818
F919Q2026,F901 2026Q19-EEX,F:F919\Q26,F9,20260819
F920Q2026,F901 2026Q20-EEX,F:F920\Q26,F9,20260820
F921Q2026,F901 2026Q21-EEX,F:F921\Q26,F9,20260821
F922Q2026,F901 2026Q22-EEX,F:F922\Q26,F9,20260824
F923Q2026,F901 2026Q23-EEX,F:F923\Q26,F9,20260824
FC06M2026,FC01 2026M06-EEX,F:FC06\M26,FC,20260608
FC07M2026,FC01 2026M07-EEX,F:FC07\M26,FC,20260608
FC08M2026,FC01 2026M08-EEX,F:FC08\M26,FC,20260608
FC09M2026,FC01 2026M09-EEX,F:FC09\M26,FC,20260609
FC10M2026,FC01 2026M10-EEX,F:FC10\M26,FC,20260610
FC11M2026,FC01 2026M11-EEX,F:FC11\M26,FC,20260611
FC12M2026,FC01 2026M12-EEX,F:FC12\M26,FC,20260612
FC13M2026,FC01 2026M13-EEX,F:FC13\M26,FC,20260615
FC14M2026,FC01 2026M14-EEX,F:FC14\M26,FC,20260615
FC15M2026,FC01 2026M15-EEX,F:FC15\M26,FC,20260615
FC16M2026,FC01 2026M16-EEX,F:FC16\M26,FC,20260616
FC17M2026,FC01 2026M17-EEX,F:FC17\M26,FC,20260617
FC18M2026,FC01 2026M18-EEX,F:FC18\M26,FC,20260618
FC19M2026,FC01 2026M19-EEX,F:FC19\M26,FC,20260619
FC20M2026,FC01 2026M20-EEX,F:FC20\M26,FC,20260622
FC21M2026,FC01 2026M21-EEX,F:FC21\M26,FC,20260622
FC22M2026,FC01 2026M22-EEX,F:FC22\M26,FC,20260622
FC23M2026,FC01 2026M23-EEX,F:FC23\M26,FC,20260623
FC24M2026,FC01 2026M24-EEX,F:FC24\M26,FC,20260624
FC25M2026,FC01 2026M25-EEX,F:FC25\M26,FC,20260625
FC26M2026,FC01 2026M26-EEX,F:FC26\M26,FC,20260626
FC27M2026,FC01 2026M27-EEX,F:FC27\M26,FC,20260629
FC28M2026,FC01 2026M28-EEX,F:FC28\M26,FC,20260629
FC29M2026,FC01 2026M29-EEX,F:FC29\M26,FC,20260629
FC30M2026,FC01 2026M30-EEX,F:FC30\M26,FC,20260630
FC01N2026,FC01 2026N01-EEX,F:FC01\N26,FC,20260701
FC02N2026,FC01 2026N02-EEX,F:FC02\N26,FC,20260702
FC03N2026,FC01 2026N03-EEX,F:FC03\N26,FC,20260703
FC04N2026,FC01 2026N04-EEX,F:FC04\N26,FC,20260706
FC05N2026,FC01 2026N05-EEX,F:FC05\N26,FC,20260706
FC06N2026,FC01 2026N06-EEX,F:FC06\N26,FC,20260706
FC07N2026,FC01 2026N07-EEX,F:FC07\N26,FC,20260707
FC08N2026,FC01 2026N08-EEX,F:FC08\N26,FC,20260708
FC09N2026,FC01 2026N09-EEX,F:FC09\N26,FC,20260709
FC10N2026,FC01 2026N10-EEX,F:FC10\N26,FC,20260710
FC11N2026,FC01 2026N11-EEX,F:FC11\N26,FC,20260713
FC12N2026,FC01 2026N12-EEX,F:FC12\N26,FC,20260713
FC13N2026,FC01 2026N13-EEX,F:FC13\N26,FC,20260713
FC14N2026,FC01 2026N14-EEX,F:FC14\N26,FC,20260714
FC15N2026,FC01 2026N15-EEX,F:FC15\N26,FC,20260715
FC16N2026,FC01 2026N16-EEX,F:FC16\N26,FC,20260716
FC17N2026,FC01 2026N17-EEX,F:FC17\N26,FC,20260717
FC18N2026,FC01 2026N18-EEX,F:FC18\N26,FC,20260720
FC19N2026,FC01 2026N19-EEX,F:FC19\N26,FC,20260720
FC20N2026,FC01 2026N20-EEX,F:FC20\N26,FC,20260720
FC21N2026,FC01 2026N21-EEX,F:FC21\N26,FC,20260721
FC22N2026,FC22N2026,F:FC22\N26,FC,20260722
FC23N2026,FC23N2026,F:FC23\N26,FC,20260723
FC24N2026,FC24N2026,F:FC24\N26,FC,20260724
FC25N2026,FC25N2026,F:FC25\N26,FC,20260727
FC26N2026,FC26N2026,F:FC26\N26,FC,20260727
FC27N2026,FC27N2026,F:FC27\N26,FC,20260727
FC28N2026,FC28N2026,F:FC28\N26,FC,20260728
FC29N2026,FC29N2026,F:FC29\N26,FC,20260729
FC30N2026,FC30N2026,F:FC30\N26,FC,20260730
FC31N2026,FC31N2026,F:FC31\N26,FC,20260731
FC01Q2026,FC01Q2026,F:FC01\Q26,FC,20260803
FC02Q2026,FC02Q2026,F:FC02\Q26,FC,20260803
FC03Q2026,FC03Q2026,F:FC03\Q26,FC,20260803
FC04Q2026,FC04Q2026,F:FC04\Q26,FC,20260804
FC05Q2026,FC05Q2026,F:FC05\Q26,FC,20260805
FC06Q2026,FC06Q2026,F:FC06\Q26,FC,20260806
FC07Q2026,FC07Q2026,F:FC07\Q26,FC,20260807
FC08Q2026,FC08Q2026,F:FC08\Q26,FC,20260810
FC09Q2026,FC09Q2026,F:FC09\Q26,FC,20260810
FC10Q2026,FC10Q2026,F:FC10\Q26,FC,20260810
FC11Q2026,FC11Q2026,F:FC11\Q26,FC,20260811
FC12Q2026,FC12Q2026,F:FC12\Q26,FC,20260812
FC13Q2026,FC01 2026Q13-EEX,F:FC13\Q26,FC,20260813
FC14Q2026,FC01 2026Q14-EEX,F:FC14\Q26,FC,20260814
FC15Q2026,FC01 2026Q15-EEX,F:FC15\Q26,FC,20260817
FC16Q2026,FC01 2026Q16-EEX,F:FC16\Q26,FC,20260817
FC17Q2026,FC01 2026Q17-EEX,F:FC17\Q26,FC,20260817
FC18Q2026,FC01 2026Q18-EEX,F:FC18\Q26,FC,20260818
FC19Q2026,FC01 2026Q19-EEX,F:FC19\Q26,FC,20260819
FC20Q2026,FC01 2026Q20-EEX,F:FC20\Q26,FC,20260820
FC21Q2026,FC01 2026Q21-EEX,F:FC21\Q26,FC,20260821
FC22Q2026,FC01 2026Q22-EEX,F:FC22\Q26,FC,20260824
FC23Q2026,FC01 2026Q23-EEX,F:FC23\Q26,FC,20260824
FD06M2026,FD01 2026M06-EEX,F:FD06\M26,FD,20260608
FD07M2026,FD01 2026M07-EEX,F:FD07\M26,FD,20260608
FD08M2026,FD01 2026M08-EEX,F:FD08\M26,FD,20260608
FD09M2026,FD01 2026M09-EEX,F:FD09\M26,FD,20260609
FD10M2026,FD01 2026M10-EEX,F:FD10\M26,FD,20260610
FD11M2026,FD01 2026M11-EEX,F:FD11\M26,FD,20260611
FD12M2026,FD01 2026M12-EEX,F:FD12\M26,FD,20260612
FD13M2026,FD01 2026M13-EEX,F:FD13\M26,FD,20260615
FD14M2026,FD01 2026M14-EEX,F:FD14\M26,FD,20260615
FD15M2026,FD01 2026M15-EEX,F:FD15\M26,FD,20260615
FD16M2026,FD01 2026M16-EEX,F:FD16\M26,FD,20260616
FD17M2026,FD01 2026M17-EEX,F:FD17\M26,FD,20260617
FD18M2026,FD01 2026M18-EEX,F:FD18\M26,FD,20260618
FD19M2026,FD01 2026M19-EEX,F:FD19\M26,FD,20260619
FD20M2026,FD01 2026M20-EEX,F:FD20\M26,FD,20260622
FD21M2026,FD01 2026M21-EEX,F:FD21\M26,FD,20260622
FD22M2026,FD01 2026M22-EEX,F:FD22\M26,FD,20260622
FD23M2026,FD01 2026M23-EEX,F:FD23\M26,FD,20260623
FD24M2026,FD01 2026M24-EEX,F:FD24\M26,FD,20260624
FD25M2026,FD01 2026M25-EEX,F:FD25\M26,FD,20260625
FD26M2026,FD01 2026M26-EEX,F:FD26\M26,FD,20260626
FD27M2026,FD01 2026M27-EEX,F:FD27\M26,FD,20260629
FD28M2026,FD01 2026M28-EEX,F:FD28\M26,FD,20260629
FD29M2026,FD01 2026M29-EEX,F:FD29\M26,FD,20260629
FD30M2026,FD01 2026M30-EEX,F:FD30\M26,FD,20260630
FD01N2026,FD01 2026N01-EEX,F:FD01\N26,FD,20260701
FD02N2026,FD01 2026N02-EEX,F:FD02\N26,FD,20260702
FD03N2026,FD01 2026N03-EEX,F:FD03\N26,FD,20260703
FD04N2026,FD01 2026N04-EEX,F:FD04\N26,FD,20260706
FD05N2026,FD01 2026N05-EEX,F:FD05\N26,FD,20260706
FD06N2026,FD01 2026N06-EEX,F:FD06\N26,FD,20260706
FD07N2026,FD01 2026N07-EEX,F:FD07\N26,FD,20260707
FD08N2026,FD01 2026N08-EEX,F:FD08\N26,FD,20260708
FD09N2026,FD01 2026N09-EEX,F:FD09\N26,FD,20260709
FD10N2026,FD01 2026N10-EEX,F:FD10\N26,FD,20260710
FD11N2026,FD01 2026N11-EEX,F:FD11\N26,FD,20260713
FD12N2026,FD01 2026N12-EEX,F:FD12\N26,FD,20260713
FD13N2026,FD01 2026N13-EEX,F:FD13\N26,FD,20260713
FD14N2026,FD01 2026N14-EEX,F:FD14\N26,FD,20260714
FD15N2026,FD01 2026N15-EEX,F:FD15\N26,FD,20260715
FD16N2026,FD01 2026N16-EEX,F:FD16\N26,FD,20260716
FD17N2026,FD01 2026N17-EEX,F:FD17\N26,FD,20260717
FD18N2026,FD01 2026N18-EEX,F:FD18\N26,FD,20260720
FD19N2026,FD01 2026N19-EEX,F:FD19\N26,FD,20260720
FD20N2026,FD01 2026N20-EEX,F:FD20\N26,FD,20260720
FD21N2026,FD01 2026N21-EEX,F:FD21\N26,FD,20260721
FD22N2026,FD22N2026,F:FD22\N26,FD,20260722
FD23N2026,FD23N2026,F:FD23\N26,FD,20260723
FD24N2026,FD24N2026,F:FD24\N26,FD,20260724
FD25N2026,FD25N2026,F:FD25\N26,FD,20260727
FD26N2026,FD26N2026,F:FD26\N26,FD,20260727
FD27N2026,FD27N2026,F:FD27\N26,FD,20260727
FD28N2026,FD28N2026,F:FD28\N26,FD,20260728
FD29N2026,FD29N2026,F:FD29\N26,FD,20260729
FD30N2026,FD30N2026,F:FD30\N26,FD,20260730
FD31N2026,FD31N2026,F:FD31\N26,FD,20260731
FD01Q2026,FD01Q2026,F:FD01\Q26,FD,20260803
FD02Q2026,FD02Q2026,F:FD02\Q26,FD,20260803
FD03Q2026,FD03Q2026,F:FD03\Q26,FD,20260803
FD04Q2026,FD04Q2026,F:FD04\Q26,FD,20260804
FD05Q2026,FD05Q2026,F:FD05\Q26,FD,20260805
FD06Q2026,FD06Q2026,F:FD06\Q26,FD,20260806
FD07Q2026,FD07Q2026,F:FD07\Q26,FD,20260807
FD08Q2026,FD08Q2026,F:FD08\Q26,FD,20260810
FD09Q2026,FD09Q2026,F:FD09\Q26,FD,20260810
FD10Q2026,FD10Q2026,F:FD10\Q26,FD,20260810
FD11Q2026,FD11Q2026,F:FD11\Q26,FD,20260811
FD12Q2026,FD12Q2026,F:FD12\Q26,FD,20260812
FD13Q2026,FD01 2026Q13-EEX,F:FD13\Q26,FD,20260813
FD14Q2026,FD01 2026Q14-EEX,F:FD14\Q26,FD,20260814
FD15Q2026,FD01 2026Q15-EEX,F:FD15\Q26,FD,20260817
FD16Q2026,FD01 2026Q16-EEX,F:FD16\Q26,FD,20260817
FD17Q2026,FD01 2026Q17-EEX,F:FD17\Q26,FD,20260817
FD18Q2026,FD01 2026Q18-EEX,F:FD18\Q26,FD,20260818
FD19Q2026,FD01 2026Q19-EEX,F:FD19\Q26,FD,20260819
FD20Q2026,FD01 2026Q20-EEX,F:FD20\Q26,FD,20260820
FD21Q2026,FD01 2026Q21-EEX,F:FD21\Q26,FD,20260821
FD22Q2026,FD01 2026Q22-EEX,F:FD22\Q26,FD,20260824
FD23Q2026,FD01 2026Q23-EEX,F:FD23\Q26,FD,20260824
FE06M2026,FE01 2026M06-EEX,F:FE06\M26,FE,20260608
FE07M2026,FE01 2026M07-EEX,F:FE07\M26,FE,20260608
FE08M2026,FE01 2026M08-EEX,F:FE08\M26,FE,20260608
FE09M2026,FE01 2026M09-EEX,F:FE09\M26,FE,20260609
FE10M2026,FE01 2026M10-EEX,F:FE10\M26,FE,20260610
FE11M2026,FE01 2026M11-EEX,F:FE11\M26,FE,20260611
FE12M2026,FE01 2026M12-EEX,F:FE12\M26,FE,20260612
FE13M2026,FE01 2026M13-EEX,F:FE13\M26,FE,20260615
FE14M2026,FE01 2026M14-EEX,F:FE14\M26,FE,20260615
FE15M2026,FE01 2026M15-EEX,F:FE15\M26,FE,20260615
FE16M2026,FE01 2026M16-EEX,F:FE16\M26,FE,20260616
FE17M2026,FE01 2026M17-EEX,F:FE17\M26,FE,20260617
FE18M2026,FE01 2026M18-EEX,F:FE18\M26,FE,20260618
FE19M2026,FE01 2026M19-EEX,F:FE19\M26,FE,20260619
FE20M2026,FE01 2026M20-EEX,F:FE20\M26,FE,20260622
FE21M2026,FE01 2026M21-EEX,F:FE21\M26,FE,20260622
FE22M2026,FE01 2026M22-EEX,F:FE22\M26,FE,20260622
FE23M2026,FE01 2026M23-EEX,F:FE23\M26,FE,20260623
FE24M2026,FE01 2026M24-EEX,F:FE24\M26,FE,20260624
FE25M2026,FE01 2026M25-EEX,F:FE25\M26,FE,20260625
FE26M2026,FE01 2026M26-EEX,F:FE26\M26,FE,20260626
FE27M2026,FE01 2026M27-EEX,F:FE27\M26,FE,20260629
FE28M2026,FE01 2026M28-EEX,F:FE28\M26,FE,20260629
FE29M2026,FE01 2026M29-EEX,F:FE29\M26,FE,20260629
FE30M2026,FE01 2026M30-EEX,F:FE30\M26,FE,20260630
FE01N2026,FE01 2026N01-EEX,F:FE01\N26,FE,20260701
FE02N2026,FE01 2026N02-EEX,F:FE02\N26,FE,20260702
FE03N2026,FE01 2026N03-EEX,F:FE03\N26,FE,20260703
FE04N2026,FE01 2026N04-EEX,F:FE04\N26,FE,20260706
FE05N2026,FE01 2026N05-EEX,F:FE05\N26,FE,20260706
FE06N2026,FE01 2026N06-EEX,F:FE06\N26,FE,20260706
FE07N2026,FE01 2026N07-EEX,F:FE07\N26,FE,20260707
FE08N2026,FE01 2026N08-EEX,F:FE08\N26,FE,20260708
FE09N2026,FE01 2026N09-EEX,F:FE09\N26,FE,20260709
FE10N2026,FE01 2026N10-EEX,F:FE10\N26,FE,20260710
FE11N2026,FE01 2026N11-EEX,F:FE11\N26,FE,20260713
FE12N2026,FE01 2026N12-EEX,F:FE12\N26,FE,20260713
FE13N2026,FE01 2026N13-EEX,F:FE13\N26,FE,20260713
FE14N2026,FE01 2026N14-EEX,F:FE14\N26,FE,20260714
FE15N2026,FE01 2026N15-EEX,F:FE15\N26,FE,20260715
FE16N2026,FE01 2026N16-EEX,F:FE16\N26,FE,20260716
FE17N2026,FE01 2026N17-EEX,F:FE17\N26,FE,20260717
FE18N2026,FE01 2026N18-EEX,F:FE18\N26,FE,20260720
FE19N2026,FE01 2026N19-EEX,F:FE19\N26,FE,20260720
FE20N2026,FE01 2026N20-EEX,F:FE20\N26,FE,20260720
FE21N2026,FE01 2026N21-EEX,F:FE21\N26,FE,20260721
FE22N2026,FE22N2026,F:FE22\N26,FE,20260722
FE23N2026,FE23N2026,F:FE23\N26,FE,20260723
FE24N2026,FE24N2026,F:FE24\N26,FE,20260724
FE25N2026,FE25N2026,F:FE25\N26,FE,20260727
FE26N2026,FE26N2026,F:FE26\N26,FE,20260727
FE27N2026,FE27N2026,F:FE27\N26,FE,20260727
FE28N2026,FE28N2026,F:FE28\N26,FE,20260728
FE29N2026,FE29N2026,F:FE29\N26,FE,20260729
FE30N2026,FE30N2026,F:FE30\N26,FE,20260730
FE31N2026,FE31N2026,F:FE31\N26,FE,20260731
FE01Q2026,FE01Q2026,F:FE01\Q26,FE,20260803
FE02Q2026,FE02Q2026,F:FE02\Q26,FE,20260803
FE03Q2026,FE03Q2026,F:FE03\Q26,FE,20260803
FE04Q2026,FE04Q2026,F:FE04\Q26,FE,20260804
FE05Q2026,FE05Q2026,F:FE05\Q26,FE,20260805
FE06Q2026,FE06Q2026,F:FE06\Q26,FE,20260806
FE07Q2026,FE07Q2026,F:FE07\Q26,FE,20260807
FE08Q2026,FE08Q2026,F:FE08\Q26,FE,20260810
FE09Q2026,FE09Q2026,F:FE09\Q26,FE,20260810
FE10Q2026,FE10Q2026,F:FE10\Q26,FE,20260810
FE11Q2026,FE11Q2026,F:FE11\Q26,FE,20260811
FE12Q2026,FE12Q2026,F:FE12\Q26,FE,20260812
FE13Q2026,FE01 2026Q13-EEX,F:FE13\Q26,FE,20260813
FE14Q2026,FE01 2026Q14-EEX,F:FE14\Q26,FE,20260814
FE15Q2026,FE01 2026Q15-EEX,F:FE15\Q26,FE,20260817
FE16Q2026,FE01 2026Q16-EEX,F:FE16\Q26,FE,20260817
FE17Q2026,FE01 2026Q17-EEX,F:FE17\Q26,FE,20260817
FE18Q2026,FE01 2026Q18-EEX,F:FE18\Q26,FE,20260818
FE19Q2026,FE01 2026Q19-EEX,F:FE19\Q26,FE,20260819
FE20Q2026,FE01 2026Q20-EEX,F:FE20\Q26,FE,20260820
FE21Q2026,FE01 2026Q21-EEX,F:FE21\Q26,FE,20260821
FE22Q2026,FE01 2026Q22-EEX,F:FE22\Q26,FE,20260824
FE23Q2026,FE01 2026Q23-EEX,F:FE23\Q26,FE,20260824
FF06M2026,FF01 2026M06-EEX,F:FF06\M26,FF,20260608
FF07M2026,FF01 2026M07-EEX,F:FF07\M26,FF,20260608
FF08M2026,FF01 2026M08-EEX,F:FF08\M26,FF,20260608
FF09M2026,FF01 2026M09-EEX,F:FF09\M26,FF,20260609
FF10M2026,FF01 2026M10-EEX,F:FF10\M26,FF,20260610
FF11M2026,FF01 2026M11-EEX,F:FF11\M26,FF,20260611
FF12M2026,FF01 2026M12-EEX,F:FF12\M26,FF,20260612
FF13M2026,FF01 2026M13-EEX,F:FF13\M26,FF,20260615
FF14M2026,FF01 2026M14-EEX,F:FF14\M26,FF,20260615
FF15M2026,FF01 2026M15-EEX,F:FF15\M26,FF,20260615
FF16M2026,FF01 2026M16-EEX,F:FF16\M26,FF,20260616
FF17M2026,FF01 2026M17-EEX,F:FF17\M26,FF,20260617
FF18M2026,FF01 2026M18-EEX,F:FF18\M26,FF,20260618
FF19M2026,FF01 2026M19-EEX,F:FF19\M26,FF,20260619
FF20M2026,FF01 2026M20-EEX,F:FF20\M26,FF,20260622
FF21M2026,FF01 2026M21-EEX,F:FF21\M26,FF,20260622
FF22M2026,FF01 2026M22-EEX,F:FF22\M26,FF,20260622
FF23M2026,FF01 2026M23-EEX,F:FF23\M26,FF,20260623
FF24M2026,FF01 2026M24-EEX,F:FF24\M26,FF,20260624
FF25M2026,FF01 2026M25-EEX,F:FF25\M26,FF,20260625
FF26M2026,FF01 2026M26-EEX,F:FF26\M26,FF,20260626
FF27M2026,FF01 2026M27-EEX,F:FF27\M26,FF,20260629
FF28M2026,FF01 2026M28-EEX,F:FF28\M26,FF,20260629
FF29M2026,FF01 2026M29-EEX,F:FF29\M26,FF,20260629
FF30M2026,FF01 2026M30-EEX,F:FF30\M26,FF,20260630
FF01N2026,FF01 2026N01-EEX,F:FF01\N26,FF,20260701
FF02N2026,FF01 2026N02-EEX,F:FF02\N26,FF,20260702
FF03N2026,FF01 2026N03-EEX,F:FF03\N26,FF,20260703
FF04N2026,FF01 2026N04-EEX,F:FF04\N26,FF,20260706
FF05N2026,FF01 2026N05-EEX,F:FF05\N26,FF,20260706
FF06N2026,FF01 2026N06-EEX,F:FF06\N26,FF,20260706
FF07N2026,FF01 2026N07-EEX,F:FF07\N26,FF,20260707
FF08N2026,FF01 2026N08-EEX,F:FF08\N26,FF,20260708
FF09N2026,FF01 2026N09-EEX,F:FF09\N26,FF,20260709
FF10N2026,FF01 2026N10-EEX,F:FF10\N26,FF,20260710
FF11N2026,FF01 2026N11-EEX,F:FF11\N26,FF,20260713
FF12N2026,FF01 2026N12-EEX,F:FF12\N26,FF,20260713
FF13N2026,FF01 2026N13-EEX,F:FF13\N26,FF,20260713
FF14N2026,FF01 2026N14-EEX,F:FF14\N26,FF,20260714
FF15N2026,FF01 2026N15-EEX,F:FF15\N26,FF,20260715
FF16N2026,FF01 2026N16-EEX,F:FF16\N26,FF,20260716
FF17N2026,FF01 2026N17-EEX,F:FF17\N26,FF,20260717
FF18N2026,FF01 2026N18-EEX,F:FF18\N26,FF,20260720
FF19N2026,FF01 2026N19-EEX,F:FF19\N26,FF,20260720
FF20N2026,FF01 2026N20-EEX,F:FF20\N26,FF,20260720
FF21N2026,FF01 2026N21-EEX,F:FF21\N26,FF,20260721
FF22N2026,FF22N2026,F:FF22\N26,FF,20260722
FF23N2026,FF23N2026,F:FF23\N26,FF,20260723
FF24N2026,FF24N2026,F:FF24\N26,FF,20260724
FF25N2026,FF25N2026,F:FF25\N26,FF,20260727
FF26N2026,FF26N2026,F:FF26\N26,FF,20260727
FF27N2026,FF27N2026,F:FF27\N26,FF,20260727
FF28N2026,FF28N2026,F:FF28\N26,FF,20260728
FF29N2026,FF29N2026,F:FF29\N26,FF,20260729
FF30N2026,FF30N2026,F:FF30\N26,FF,20260730
FF31N2026,FF31N2026,F:FF31\N26,FF,20260731
FF01Q2026,FF01Q2026,F:FF01\Q26,FF,20260803
FF02Q2026,FF02Q2026,F:FF02\Q26,FF,20260803
FF03Q2026,FF03Q2026,F:FF03\Q26,FF,20260803
FF04Q2026,FF04Q2026,F:FF04\Q26,FF,20260804
FF05Q2026,FF05Q2026,F:FF05\Q26,FF,20260805
FF06Q2026,FF06Q2026,F:FF06\Q26,FF,20260806
FF07Q2026,FF07Q2026,F:FF07\Q26,FF,20260807
FF08Q2026,FF08Q2026,F:FF08\Q26,FF,20260810
FF09Q2026,FF09Q2026,F:FF09\Q26,FF,20260810
FF10Q2026,FF10Q2026,F:FF10\Q26,FF,20260810
FF11Q2026,FF11Q2026,F:FF11\Q26,FF,20260811
FF12Q2026,FF12Q2026,F:FF12\Q26,FF,20260812
FF13Q2026,FF01 2026Q13-EEX,F:FF13\Q26,FF,20260813
FF14Q2026,FF01 2026Q14-EEX,F:FF14\Q26,FF,20260814
FF15Q2026,FF01 2026Q15-EEX,F:FF15\Q26,FF,20260817
FF16Q2026,FF01 2026Q16-EEX,F:FF16\Q26,FF,20260817
FF17Q2026,FF01 2026Q17-EEX,F:FF17\Q26,FF,20260817
FF18Q2026,FF01 2026Q18-EEX,F:FF18\Q26,FF,20260818
FF19Q2026,FF01 2026Q19-EEX,F:FF19\Q26,FF,20260819
FF20Q2026,FF01 2026Q20-EEX,F:FF20\Q26,FF,20260820
FF21Q2026,FF01 2026Q21-EEX,F:FF21\Q26,FF,20260821
FF22Q2026,FF01 2026Q22-EEX,F:FF22\Q26,FF,20260824
FF23Q2026,FF01 2026Q23-EEX,F:FF23\Q26,FF,20260824
FK06M2026,FK01 2026M06-EEX,F:FK06\M26,FK,20260608
FK07M2026,FK01 2026M07-EEX,F:FK07\M26,FK,20260608
FK08M2026,FK01 2026M08-EEX,F:FK08\M26,FK,20260608
FK09M2026,FK01 2026M09-EEX,F:FK09\M26,FK,20260609
FK10M2026,FK01 2026M10-EEX,F:FK10\M26,FK,20260610
FK11M2026,FK01 2026M11-EEX,F:FK11\M26,FK,20260611
FK12M2026,FK01 2026M12-EEX,F:FK12\M26,FK,20260612
FK13M2026,FK01 2026M13-EEX,F:FK13\M26,FK,20260615
FK14M2026,FK01 2026M14-EEX,F:FK14\M26,FK,20260615
FK15M2026,FK01 2026M15-EEX,F:FK15\M26,FK,20260615
FK16M2026,FK01 2026M16-EEX,F:FK16\M26,FK,20260616
FK17M2026,FK01 2026M17-EEX,F:FK17\M26,FK,20260617
FK18M2026,FK01 2026M18-EEX,F:FK18\M26,FK,20260618
FK19M2026,FK01 2026M19-EEX,F:FK19\M26,FK,20260619
FK20M2026,FK01 2026M20-EEX,F:FK20\M26,FK,20260622
FK21M2026,FK01 2026M21-EEX,F:FK21\M26,FK,20260622
FK22M2026,FK01 2026M22-EEX,F:FK22\M26,FK,20260622
FK23M2026,FK01 2026M23-EEX,F:FK23\M26,FK,20260623
FK24M2026,FK01 2026M24-EEX,F:FK24\M26,FK,20260624
FK25M2026,FK01 2026M25-EEX,F:FK25\M26,FK,20260625
FK26M2026,FK01 2026M26-EEX,F:FK26\M26,FK,20260626
FK27M2026,FK01 2026M27-EEX,F:FK27\M26,FK,20260629
FK28M2026,FK01 2026M28-EEX,F:FK28\M26,FK,20260629
FK29M2026,FK01 2026M29-EEX,F:FK29\M26,FK,20260629
FK30M2026,FK01 2026M30-EEX,F:FK30\M26,FK,20260630
FK01N2026,FK01 2026N01-EEX,F:FK01\N26,FK,20260701
FK02N2026,FK01 2026N02-EEX,F:FK02\N26,FK,20260702
FK03N2026,FK01 2026N03-EEX,F:FK03\N26,FK,20260703
FK04N2026,FK01 2026N04-EEX,F:FK04\N26,FK,20260706
FK05N2026,FK01 2026N05-EEX,F:FK05\N26,FK,20260706
FK06N2026,FK01 2026N06-EEX,F:FK06\N26,FK,20260706
FK07N2026,FK01 2026N07-EEX,F:FK07\N26,FK,20260707
FK08N2026,FK01 2026N08-EEX,F:FK08\N26,FK,20260708
FK09N2026,FK01 2026N09-EEX,F:FK09\N26,FK,20260709
FK10N2026,FK01 2026N10-EEX,F:FK10\N26,FK,20260710
FK11N2026,FK01 2026N11-EEX,F:FK11\N26,FK,20260713
FK12N2026,FK01 2026N12-EEX,F:FK12\N26,FK,20260713
FK13N2026,FK01 2026N13-EEX,F:FK13\N26,FK,20260713
FK14N2026,FK01 2026N14-EEX,F:FK14\N26,FK,20260714
FK15N2026,FK01 2026N15-EEX,F:FK15\N26,FK,20260715
FK16N2026,FK01 2026N16-EEX,F:FK16\N26,FK,20260716
FK17N2026,FK01 2026N17-EEX,F:FK17\N26,FK,20260717
FK18N2026,FK01 2026N18-EEX,F:FK18\N26,FK,20260720
FK19N2026,FK01 2026N19-EEX,F:FK19\N26,FK,20260720
FK20N2026,FK01 2026N20-EEX,F:FK20\N26,FK,20260720
FK21N2026,FK01 2026N21-EEX,F:FK21\N26,FK,20260721
FK22N2026,FK22N2026,F:FK22\N26,FK,20260722
FK23N2026,FK23N2026,F:FK23\N26,FK,20260723
FK24N2026,FK24N2026,F:FK24\N26,FK,20260724
FK25N2026,FK25N2026,F:FK25\N26,FK,20260727
FK26N2026,FK26N2026,F:FK26\N26,FK,20260727
FK27N2026,FK27N2026,F:FK27\N26,FK,20260727
FK28N2026,FK28N2026,F:FK28\N26,FK,20260728
FK29N2026,FK29N2026,F:FK29\N26,FK,20260729
FK30N2026,FK30N2026,F:FK30\N26,FK,20260730
FK31N2026,FK31N2026,F:FK31\N26,FK,20260731
FK01Q2026,FK01Q2026,F:FK01\Q26,FK,20260803
FK02Q2026,FK02Q2026,F:FK02\Q26,FK,20260803
FK03Q2026,FK03Q2026,F:FK03\Q26,FK,20260803
FK04Q2026,FK04Q2026,F:FK04\Q26,FK,20260804
FK05Q2026,FK05Q2026,F:FK05\Q26,FK,20260805
FK06Q2026,FK06Q2026,F:FK06\Q26,FK,20260806
FK07Q2026,FK07Q2026,F:FK07\Q26,FK,20260807
FK08Q2026,FK08Q2026,F:FK08\Q26,FK,20260810
FK09Q2026,FK09Q2026,F:FK09\Q26,FK,20260810
FK10Q2026,FK10Q2026,F:FK10\Q26,FK,20260810
FK11Q2026,FK11Q2026,F:FK11\Q26,FK,20260811
FK12Q2026,FK12Q2026,F:FK12\Q26,FK,20260812
FK13Q2026,FK01 2026Q13-EEX,F:FK13\Q26,FK,20260813
FK14Q2026,FK01 2026Q14-EEX,F:FK14\Q26,FK,20260814
FK15Q2026,FK01 2026Q15-EEX,F:FK15\Q26,FK,20260817
FK16Q2026,FK01 2026Q16-EEX,F:FK16\Q26,FK,20260817
FK17Q2026,FK01 2026Q17-EEX,F:FK17\Q26,FK,20260817
FK18Q2026,FK01 2026Q18-EEX,F:FK18\Q26,FK,20260818
FK19Q2026,FK01 2026Q19-EEX,F:FK19\Q26,FK,20260819
FK20Q2026,FK01 2026Q20-EEX,F:FK20\Q26,FK,20260820
FK21Q2026,FK01 2026Q21-EEX,F:FK21\Q26,FK,20260821
FK22Q2026,FK01 2026Q22-EEX,F:FK22\Q26,FK,20260824
FK23Q2026,FK01 2026Q23-EEX,F:FK23\Q26,FK,20260824
FT06M2026,FT01 2026M06-EEX,F:FT06\M26,FT,20260608
FT07M2026,FT01 2026M07-EEX,F:FT07\M26,FT,20260608
FT08M2026,FT01 2026M08-EEX,F:FT08\M26,FT,20260608
FT09M2026,FT01 2026M09-EEX,F:FT09\M26,FT,20260609
FT10M2026,FT01 2026M10-EEX,F:FT10\M26,FT,20260610
FT11M2026,FT01 2026M11-EEX,F:FT11\M26,FT,20260611
FT12M2026,FT01 2026M12-EEX,F:FT12\M26,FT,20260612
FT13M2026,FT01 2026M13-EEX,F:FT13\M26,FT,20260615
FT14M2026,FT01 2026M14-EEX,F:FT14\M26,FT,20260615
FT15M2026,FT01 2026M15-EEX,F:FT15\M26,FT,20260615
FT16M2026,FT01 2026M16-EEX,F:FT16\M26,FT,20260616
FT17M2026,FT01 2026M17-EEX,F:FT17\M26,FT,20260617
FT18M2026,FT01 2026M18-EEX,F:FT18\M26,FT,20260618
FT19M2026,FT01 2026M19-EEX,F:FT19\M26,FT,20260619
FT20M2026,FT01 2026M20-EEX,F:FT20\M26,FT,20260622
FT21M2026,FT01 2026M21-EEX,F:FT21\M26,FT,20260622
FT22M2026,FT01 2026M22-EEX,F:FT22\M26,FT,20260622
FT23M2026,FT01 2026M23-EEX,F:FT23\M26,FT,20260623
FT24M2026,FT01 2026M24-EEX,F:FT24\M26,FT,20260624
FT25M2026,FT01 2026M25-EEX,F:FT25\M26,FT,20260625
FT26M2026,FT01 2026M26-EEX,F:FT26\M26,FT,20260626
FT27M2026,FT01 2026M27-EEX,F:FT27\M26,FT,20260629
FT28M2026,FT01 2026M28-EEX,F:FT28\M26,FT,20260629
FT29M2026,FT01 2026M29-EEX,F:FT29\M26,FT,20260629
FT30M2026,FT01 2026M30-EEX,F:FT30\M26,FT,20260630
FT01N2026,FT01 2026N01-EEX,F:FT01\N26,FT,20260701
FT02N2026,FT01 2026N02-EEX,F:FT02\N26,FT,20260702
FT03N2026,FT01 2026N03-EEX,F:FT03\N26,FT,20260703
FT04N2026,FT01 2026N04-EEX,F:FT04\N26,FT,20260706
FT05N2026,FT01 2026N05-EEX,F:FT05\N26,FT,20260706
FT06N2026,FT01 2026N06-EEX,F:FT06\N26,FT,20260706
FT07N2026,FT01 2026N07-EEX,F:FT07\N26,FT,20260707
FT08N2026,FT01 2026N08-EEX,F:FT08\N26,FT,20260708
FT09N2026,FT01 2026N09-EEX,F:FT09\N26,FT,20260709
FT10N2026,FT01 2026N10-EEX,F:FT10\N26,FT,20260710
FT11N2026,FT01 2026N11-EEX,F:FT11\N26,FT,20260713
FT12N2026,FT01 2026N12-EEX,F:FT12\N26,FT,20260713
FT13N2026,FT01 2026N13-EEX,F:FT13\N26,FT,20260713
FT14N2026,FT01 2026N14-EEX,F:FT14\N26,FT,20260714
FT15N2026,FT01 2026N15-EEX,F:FT15\N26,FT,20260715
FT16N2026,FT01 2026N16-EEX,F:FT16\N26,FT,20260716
FT17N2026,FT01 2026N17-EEX,F:FT17\N26,FT,20260717
FT18N2026,FT01 2026N18-EEX,F:FT18\N26,FT,20260720
FT19N2026,FT01 2026N19-EEX,F:FT19\N26,FT,20260720
FT20N2026,FT01 2026N20-EEX,F:FT20\N26,FT,20260720
FT21N2026,FT01 2026N21-EEX,F:FT21\N26,FT,20260721
FT22N2026,FT22N2026,F:FT22\N26,FT,20260722
FT23N2026,FT23N2026,F:FT23\N26,FT,20260723
FT24N2026,FT24N2026,F:FT24\N26,FT,20260724
FT25N2026,FT25N2026,F:FT25\N26,FT,20260727
FT26N2026,FT26N2026,F:FT26\N26,FT,20260727
FT27N2026,FT27N2026,F:FT27\N26,FT,20260727
FT28N2026,FT28N2026,F:FT28\N26,FT,20260728
FT29N2026,FT29N2026,F:FT29\N26,FT,20260729
FT30N2026,FT30N2026,F:FT30\N26,FT,20260730
FT31N2026,FT31N2026,F:FT31\N26,FT,20260731
FT01Q2026,FT01Q2026,F:FT01\Q26,FT,20260803
FT02Q2026,FT02Q2026,F:FT02\Q26,FT,20260803
FT03Q2026,FT03Q2026,F:FT03\Q26,FT,20260803
FT04Q2026,FT04Q2026,F:FT04\Q26,FT,20260804
FT05Q2026,FT05Q2026,F:FT05\Q26,FT,20260805
FT06Q2026,FT06Q2026,F:FT06\Q26,FT,20260806
FT07Q2026,FT07Q2026,F:FT07\Q26,FT,20260807
FT08Q2026,FT08Q2026,F:FT08\Q26,FT,20260810
FT09Q2026,FT09Q2026,F:FT09\Q26,FT,20260810
FT10Q2026,FT10Q2026,F:FT10\Q26,FT,20260810
FT11Q2026,FT11Q2026,F:FT11\Q26,FT,20260811
FT12Q2026,FT12Q2026,F:FT12\Q26,FT,20260812
FT13Q2026,FT01 2026Q13-EEX,F:FT13\Q26,FT,20260813
FT14Q2026,FT01 2026Q14-EEX,F:FT14\Q26,FT,20260814
FT15Q2026,FT01 2026Q15-EEX,F:FT15\Q26,FT,20260817
FT16Q2026,FT01 2026Q16-EEX,F:FT16\Q26,FT,20260817
FT17Q2026,FT01 2026Q17-EEX,F:FT17\Q26,FT,20260817
FT18Q2026,FT01 2026Q18-EEX,F:FT18\Q26,FT,20260818
FT19Q2026,FT01 2026Q19-EEX,F:FT19\Q26,FT,20260819
FT20Q2026,FT01 2026Q20-EEX,F:FT20\Q26,FT,20260820
FT21Q2026,FT01 2026Q21-EEX,F:FT21\Q26,FT,20260821
FT22Q2026,FT01 2026Q22-EEX,F:FT22\Q26,FT,20260824
FT23Q2026,FT01 2026Q23-EEX,F:FT23\Q26,FT,20260824
FU06M2026,FU01 2026M06-EEX,F:FU06\M26,FU,20260608
FU07M2026,FU01 2026M07-EEX,F:FU07\M26,FU,20260608
FU08M2026,FU01 2026M08-EEX,F:FU08\M26,FU,20260608
FU09M2026,FU01 2026M09-EEX,F:FU09\M26,FU,20260609
FU10M2026,FU01 2026M10-EEX,F:FU10\M26,FU,20260610
FU11M2026,FU01 2026M11-EEX,F:FU11\M26,FU,20260611
FU12M2026,FU01 2026M12-EEX,F:FU12\M26,FU,20260612
FU13M2026,FU01 2026M13-EEX,F:FU13\M26,FU,20260615
FU14M2026,FU01 2026M14-EEX,F:FU14\M26,FU,20260615
FU15M2026,FU01 2026M15-EEX,F:FU15\M26,FU,20260615
FU16M2026,FU01 2026M16-EEX,F:FU16\M26,FU,20260616
FU17M2026,FU01 2026M17-EEX,F:FU17\M26,FU,20260617
FU18M2026,FU01 2026M18-EEX,F:FU18\M26,FU,20260618
FU19M2026,FU01 2026M19-EEX,F:FU19\M26,FU,20260619
FU20M2026,FU01 2026M20-EEX,F:FU20\M26,FU,20260622
FU21M2026,FU01 2026M21-EEX,F:FU21\M26,FU,20260622
FU22M2026,FU01 2026M22-EEX,F:FU22\M26,FU,20260622
FU23M2026,FU01 2026M23-EEX,F:FU23\M26,FU,20260623
FU24M2026,FU01 2026M24-EEX,F:FU24\M26,FU,20260624
FU25M2026,FU01 2026M25-EEX,F:FU25\M26,FU,20260625
FU26M2026,FU01 2026M26-EEX,F:FU26\M26,FU,20260626
FU27M2026,FU01 2026M27-EEX,F:FU27\M26,FU,20260629
FU28M2026,FU01 2026M28-EEX,F:FU28\M26,FU,20260629
FU29M2026,FU01 2026M29-EEX,F:FU29\M26,FU,20260629
FU30M2026,FU01 2026M30-EEX,F:FU30\M26,FU,20260630
FU01N2026,FU01 2026N01-EEX,F:FU01\N26,FU,20260701
FU02N2026,FU01 2026N02-EEX,F:FU02\N26,FU,20260702
FU03N2026,FU01 2026N03-EEX,F:FU03\N26,FU,20260703
FU04N2026,FU01 2026N04-EEX,F:FU04\N26,FU,20260706
FU05N2026,FU01 2026N05-EEX,F:FU05\N26,FU,20260706
FU06N2026,FU01 2026N06-EEX,F:FU06\N26,FU,20260706
FU07N2026,FU01 2026N07-EEX,F:FU07\N26,FU,20260707
FU08N2026,FU01 2026N08-EEX,F:FU08\N26,FU,20260708
FU09N2026,FU01 2026N09-EEX,F:FU09\N26,FU,20260709
FU10N2026,FU01 2026N10-EEX,F:FU10\N26,FU,20260710
FU11N2026,FU01 2026N11-EEX,F:FU11\N26,FU,20260713
FU12N2026,FU01 2026N12-EEX,F:FU12\N26,FU,20260713
FU13N2026,FU01 2026N13-EEX,F:FU13\N26,FU,20260713
FU14N2026,FU01 2026N14-EEX,F:FU14\N26,FU,20260714
FU15N2026,FU01 2026N15-EEX,F:FU15\N26,FU,20260715
FU16N2026,FU01 2026N16-EEX,F:FU16\N26,FU,20260716
FU17N2026,FU01 2026N17-EEX,F:FU17\N26,FU,20260717
FU18N2026,FU01 2026N18-EEX,F:FU18\N26,FU,20260720
FU19N2026,FU01 2026N19-EEX,F:FU19\N26,FU,20260720
FU20N2026,FU01 2026N20-EEX,F:FU20\N26,FU,20260720
FU21N2026,FU01 2026N21-EEX,F:FU21\N26,FU,20260721
FU22N2026,FU22N2026,F:FU22\N26,FU,20260722
FU23N2026,FU23N2026,F:FU23\N26,FU,20260723
FU24N2026,FU24N2026,F:FU24\N26,FU,20260724
FU25N2026,FU25N2026,F:FU25\N26,FU,20260727
FU26N2026,FU26N2026,F:FU26\N26,FU,20260727
FU27N2026,FU27N2026,F:FU27\N26,FU,20260727
FU28N2026,FU28N2026,F:FU28\N26,FU,20260728
FU29N2026,FU29N2026,F:FU29\N26,FU,20260729
FU30N2026,FU30N2026,F:FU30\N26,FU,20260730
FU31N2026,FU31N2026,F:FU31\N26,FU,20260731
FU01Q2026,FU01Q2026,F:FU01\Q26,FU,20260803
FU02Q2026,FU02Q2026,F:FU02\Q26,FU,20260803
FU03Q2026,FU03Q2026,F:FU03\Q26,FU,20260803
FU04Q2026,FU04Q2026,F:FU04\Q26,FU,20260804
FU05Q2026,FU05Q2026,F:FU05\Q26,FU,20260805
FU06Q2026,FU06Q2026,F:FU06\Q26,FU,20260806
FU07Q2026,FU07Q2026,F:FU07\Q26,FU,20260807
FU08Q2026,FU08Q2026,F:FU08\Q26,FU,20260810
FU09Q2026,FU09Q2026,F:FU09\Q26,FU,20260810
FU10Q2026,FU10Q2026,F:FU10\Q26,FU,20260810
FU11Q2026,FU11Q2026,F:FU11\Q26,FU,20260811
FU12Q2026,FU12Q2026,F:FU12\Q26,FU,20260812
FU13Q2026,FU01 2026Q13-EEX,F:FU13\Q26,FU,20260813
FU14Q2026,FU01 2026Q14-EEX,F:FU14\Q26,FU,20260814
FU15Q2026,FU01 2026Q15-EEX,F:FU15\Q26,FU,20260817
FU16Q2026,FU01 2026Q16-EEX,F:FU16\Q26,FU,20260817
FU17Q2026,FU01 2026Q17-EEX,F:FU17\Q26,FU,20260817
FU18Q2026,FU01 2026Q18-EEX,F:FU18\Q26,FU,20260818
FU19Q2026,FU01 2026Q19-EEX,F:FU19\Q26,FU,20260819
FU20Q2026,FU01 2026Q20-EEX,F:FU20\Q26,FU,20260820
FU21Q2026,FU01 2026Q21-EEX,F:FU21\Q26,FU,20260821
FU22Q2026,FU01 2026Q22-EEX,F:FU22\Q26,FU,20260824
FU23Q2026,FU01 2026Q23-EEX,F:FU23\Q26,FU,20260824
FX06M2026,FX01 2026M06-EEX,F:FX06\M26,FX,20260608
FX07M2026,FX01 2026M07-EEX,F:FX07\M26,FX,20260608
FX08M2026,FX01 2026M08-EEX,F:FX08\M26,FX,20260608
FX09M2026,FX01 2026M09-EEX,F:FX09\M26,FX,20260609
FX10M2026,FX01 2026M10-EEX,F:FX10\M26,FX,20260610
FX11M2026,FX01 2026M11-EEX,F:FX11\M26,FX,20260611
FX12M2026,FX01 2026M12-EEX,F:FX12\M26,FX,20260612
FX13M2026,FX01 2026M13-EEX,F:FX13\M26,FX,20260615
FX14M2026,FX01 2026M14-EEX,F:FX14\M26,FX,20260615
FX15M2026,FX01 2026M15-EEX,F:FX15\M26,FX,20260615
FX16M2026,FX01 2026M16-EEX,F:FX16\M26,FX,20260616
FX17M2026,FX01 2026M17-EEX,F:FX17\M26,FX,20260617
FX18M2026,FX01 2026M18-EEX,F:FX18\M26,FX,20260618
FX19M2026,FX01 2026M19-EEX,F:FX19\M26,FX,20260619
FX20M2026,FX01 2026M20-EEX,F:FX20\M26,FX,20260622
FX21M2026,FX01 2026M21-EEX,F:FX21\M26,FX,20260622
FX22M2026,FX01 2026M22-EEX,F:FX22\M26,FX,20260622
FX23M2026,FX01 2026M23-EEX,F:FX23\M26,FX,20260623
FX24M2026,FX01 2026M24-EEX,F:FX24\M26,FX,20260624
FX25M2026,FX01 2026M25-EEX,F:FX25\M26,FX,20260625
FX26M2026,FX01 2026M26-EEX,F:FX26\M26,FX,20260626
FX27M2026,FX01 2026M27-EEX,F:FX27\M26,FX,20260629
FX28M2026,FX01 2026M28-EEX,F:FX28\M26,FX,20260629
FX29M2026,FX01 2026M29-EEX,F:FX29\M26,FX,20260629
FX30M2026,FX01 2026M30-EEX,F:FX30\M26,FX,20260630
FX01N2026,FX01 2026N01-EEX,F:FX01\N26,FX,20260701
FX02N2026,FX01 2026N02-EEX,F:FX02\N26,FX,20260702
FX03N2026,FX01 2026N03-EEX,F:FX03\N26,FX,20260703
FX04N2026,FX01 2026N04-EEX,F:FX04\N26,FX,20260706
FX05N2026,FX01 2026N05-EEX,F:FX05\N26,FX,20260706
FX06N2026,FX01 2026N06-EEX,F:FX06\N26,FX,20260706
FX07N2026,FX01 2026N07-EEX,F:FX07\N26,FX,20260707
FX08N2026,FX01 2026N08-EEX,F:FX08\N26,FX,20260708
FX09N2026,FX01 2026N09-EEX,F:FX09\N26,FX,20260709
FX10N2026,FX01 2026N10-EEX,F:FX10\N26,FX,20260710
FX11N2026,FX01 2026N11-EEX,F:FX11\N26,FX,20260713
FX12N2026,FX01 2026N12-EEX,F:FX12\N26,FX,20260713
FX13N2026,FX01 2026N13-EEX,F:FX13\N26,FX,20260713
FX14N2026,FX01 2026N14-EEX,F:FX14\N26,FX,20260714
FX15N2026,FX01 2026N15-EEX,F:FX15\N26,FX,20260715
FX16N2026,FX01 2026N16-EEX,F:FX16\N26,FX,20260716
FX17N2026,FX01 2026N17-EEX,F:FX17\N26,FX,20260717
FX18N2026,FX01 2026N18-EEX,F:FX18\N26,FX,20260720
FX19N2026,FX01 2026N19-EEX,F:FX19\N26,FX,20260720
FX20N2026,FX01 2026N20-EEX,F:FX20\N26,FX,20260720
FX21N2026,FX01 2026N21-EEX,F:FX21\N26,FX,20260721
FX22N2026,FX22N2026,F:FX22\N26,FX,20260722
FX23N2026,FX23N2026,F:FX23\N26,FX,20260723
FX24N2026,FX24N2026,F:FX24\N26,FX,20260724
FX25N2026,FX25N2026,F:FX25\N26,FX,20260727
FX26N2026,FX26N2026,F:FX26\N26,FX,20260727
FX27N2026,FX27N2026,F:FX27\N26,FX,20260727
FX28N2026,FX28N2026,F:FX28\N26,FX,20260728
FX29N2026,FX29N2026,F:FX29\N26,FX,20260729
FX30N2026,FX30N2026,F:FX30\N26,FX,20260730
FX31N2026,FX31N2026,F:FX31\N26,FX,20260731
FX01Q2026,FX01Q2026,F:FX01\Q26,FX,20260803
FX02Q2026,FX02Q2026,F:FX02\Q26,FX,20260803
FX03Q2026,FX03Q2026,F:FX03\Q26,FX,20260803
FX04Q2026,FX04Q2026,F:FX04\Q26,FX,20260804
FX05Q2026,FX05Q2026,F:FX05\Q26,FX,20260805
FX06Q2026,FX06Q2026,F:FX06\Q26,FX,20260806
FX07Q2026,FX07Q2026,F:FX07\Q26,FX,20260807
FX08Q2026,FX08Q2026,F:FX08\Q26,FX,20260810
FX09Q2026,FX09Q2026,F:FX09\Q26,FX,20260810
FX10Q2026,FX10Q2026,F:FX10\Q26,FX,20260810
FX11Q2026,FX11Q2026,F:FX11\Q26,FX,20260811
FX12Q2026,FX12Q2026,F:FX12\Q26,FX,20260812
FX13Q2026,FX01 2026Q13-EEX,F:FX13\Q26,FX,20260813
FX14Q2026,FX01 2026Q14-EEX,F:FX14\Q26,FX,20260814
FX15Q2026,FX01 2026Q15-EEX,F:FX15\Q26,FX,20260817
FX16Q2026,FX01 2026Q16-EEX,F:FX16\Q26,FX,20260817
FX17Q2026,FX01 2026Q17-EEX,F:FX17\Q26,FX,20260817
FX18Q2026,FX01 2026Q18-EEX,F:FX18\Q26,FX,20260818
FX19Q2026,FX01 2026Q19-EEX,F:FX19\Q26,FX,20260819
FX20Q2026,FX01 2026Q20-EEX,F:FX20\Q26,FX,20260820
FX21Q2026,FX01 2026Q21-EEX,F:FX21\Q26,FX,20260821
FX22Q2026,FX01 2026Q22-EEX,F:FX22\Q26,FX,20260824
FX23Q2026,FX01 2026Q23-EEX,F:FX23\Q26,FX,20260824
P706M2026,P701 2026M06-EEX,F:P706\M26,P7,20260608
P707M2026,P701 2026M07-EEX,F:P707\M26,P7,20260608
P708M2026,P701 2026M08-EEX,F:P708\M26,P7,20260608
P709M2026,P701 2026M09-EEX,F:P709\M26,P7,20260609
P710M2026,P701 2026M10-EEX,F:P710\M26,P7,20260610
P711M2026,P701 2026M11-EEX,F:P711\M26,P7,20260611
P712M2026,P701 2026M12-EEX,F:P712\M26,P7,20260612
P713M2026,P701 2026M13-EEX,F:P713\M26,P7,20260615
P714M2026,P701 2026M14-EEX,F:P714\M26,P7,20260615
P715M2026,P701 2026M15-EEX,F:P715\M26,P7,20260615
P716M2026,P701 2026M16-EEX,F:P716\M26,P7,20260616
P717M2026,P701 2026M17-EEX,F:P717\M26,P7,20260617
P718M2026,P701 2026M18-EEX,F:P718\M26,P7,20260618
P719M2026,P701 2026M19-EEX,F:P719\M26,P7,20260619
P720M2026,P701 2026M20-EEX,F:P720\M26,P7,20260622
P721M2026,P701 2026M21-EEX,F:P721\M26,P7,20260622
P722M2026,P701 2026M22-EEX,F:P722\M26,P7,20260622
P723M2026,P701 2026M23-EEX,F:P723\M26,P7,20260623
P724M2026,P701 2026M24-EEX,F:P724\M26,P7,20260624
P725M2026,P701 2026M25-EEX,F:P725\M26,P7,20260625
P726M2026,P701 2026M26-EEX,F:P726\M26,P7,20260626
P727M2026,P701 2026M27-EEX,F:P727\M26,P7,20260629
P728M2026,P701 2026M28-EEX,F:P728\M26,P7,20260629
P729M2026,P701 2026M29-EEX,F:P729\M26,P7,20260629
P730M2026,P701 2026M30-EEX,F:P730\M26,P7,20260630
P701N2026,P701 2026N01-EEX,F:P701\N26,P7,20260701
P702N2026,P701 2026N02-EEX,F:P702\N26,P7,20260702
P703N2026,P701 2026N03-EEX,F:P703\N26,P7,20260703
P704N2026,P701 2026N04-EEX,F:P704\N26,P7,20260706
P705N2026,P701 2026N05-EEX,F:P705\N26,P7,20260706
P706N2026,P701 2026N06-EEX,F:P706\N26,P7,20260706
P707N2026,P701 2026N07-EEX,F:P707\N26,P7,20260707
P708N2026,P701 2026N08-EEX,F:P708\N26,P7,20260708
P709N2026,P701 2026N09-EEX,F:P709\N26,P7,20260709
P710N2026,P701 2026N10-EEX,F:P710\N26,P7,20260710
P711N2026,P701 2026N11-EEX,F:P711\N26,P7,20260713
P712N2026,P701 2026N12-EEX,F:P712\N26,P7,20260713
P713N2026,P701 2026N13-EEX,F:P713\N26,P7,20260713
P714N2026,P701 2026N14-EEX,F:P714\N26,P7,20260714
P715N2026,P701 2026N15-EEX,F:P715\N26,P7,20260715
P716N2026,P701 2026N16-EEX,F:P716\N26,P7,20260716
P717N2026,P701 2026N17-EEX,F:P717\N26,P7,20260717
P718N2026,P701 2026N18-EEX,F:P718\N26,P7,20260720
P719N2026,P701 2026N19-EEX,F:P719\N26,P7,20260720
P720N2026,P701 2026N20-EEX,F:P720\N26,P7,20260720
P721N2026,P701 2026N21-EEX,F:P721\N26,P7,20260721
P722N2026,P722N2026,F:P722\N26,P7,20260722
P723N2026,P723N2026,F:P723\N26,P7,20260723
P724N2026,P724N2026,F:P724\N26,P7,20260724
P725N2026,P725N2026,F:P725\N26,P7,20260727
P726N2026,P726N2026,F:P726\N26,P7,20260727
P727N2026,P727N2026,F:P727\N26,P7,20260727
P728N2026,P728N2026,F:P728\N26,P7,20260728
P729N2026,P729N2026,F:P729\N26,P7,20260729
P730N2026,P730N2026,F:P730\N26,P7,20260730
P731N2026,P731N2026,F:P731\N26,P7,20260731
P701Q2026,P701Q2026,F:P701\Q26,P7,20260803
P702Q2026,P702Q2026,F:P702\Q26,P7,20260803
P703Q2026,P703Q2026,F:P703\Q26,P7,20260803
P704Q2026,P704Q2026,F:P704\Q26,P7,20260804
P705Q2026,P705Q2026,F:P705\Q26,P7,20260805
P706Q2026,P706Q2026,F:P706\Q26,P7,20260806
P707Q2026,P707Q2026,F:P707\Q26,P7,20260807
P708Q2026,P708Q2026,F:P708\Q26,P7,20260810
P709Q2026,P709Q2026,F:P709\Q26,P7,20260810
P710Q2026,P710Q2026,F:P710\Q26,P7,20260810
P711Q2026,P711Q2026,F:P711\Q26,P7,20260811
P712Q2026,P712Q2026,F:P712\Q26,P7,20260812
P713Q2026,P701 2026Q13-EEX,F:P713\Q26,P7,20260813
P714Q2026,P701 2026Q14-EEX,F:P714\Q26,P7,20260814
P715Q2026,P701 2026Q15-EEX,F:P715\Q26,P7,20260817
P716Q2026,P701 2026Q16-EEX,F:P716\Q26,P7,20260817
P717Q2026,P701 2026Q17-EEX,F:P717\Q26,P7,20260817
P718Q2026,P701 2026Q18-EEX,F:P718\Q26,P7,20260818
P719Q2026,P701 2026Q19-EEX,F:P719\Q26,P7,20260819
P720Q2026,P701 2026Q20-EEX,F:P720\Q26,P7,20260820
P721Q2026,P701 2026Q21-EEX,F:P721\Q26,P7,20260821
P722Q2026,P701 2026Q22-EEX,F:P722\Q26,P7,20260824
P723Q2026,P701 2026Q23-EEX,F:P723\Q26,P7,20260824
P906M2026,P901 2026M06-EEX,F:P906\M26,P9,20260608
P907M2026,P901 2026M07-EEX,F:P907\M26,P9,20260608
P908M2026,P901 2026M08-EEX,F:P908\M26,P9,20260608
P909M2026,P901 2026M09-EEX,F:P909\M26,P9,20260609
P910M2026,P901 2026M10-EEX,F:P910\M26,P9,20260610
P911M2026,P901 2026M11-EEX,F:P911\M26,P9,20260611
P912M2026,P901 2026M12-EEX,F:P912\M26,P9,20260612
P913M2026,P901 2026M13-EEX,F:P913\M26,P9,20260615
P914M2026,P901 2026M14-EEX,F:P914\M26,P9,20260615
P915M2026,P901 2026M15-EEX,F:P915\M26,P9,20260615
P916M2026,P901 2026M16-EEX,F:P916\M26,P9,20260616
P917M2026,P901 2026M17-EEX,F:P917\M26,P9,20260617
P918M2026,P901 2026M18-EEX,F:P918\M26,P9,20260618
P919M2026,P901 2026M19-EEX,F:P919\M26,P9,20260619
P920M2026,P901 2026M20-EEX,F:P920\M26,P9,20260622
P921M2026,P901 2026M21-EEX,F:P921\M26,P9,20260622
P922M2026,P901 2026M22-EEX,F:P922\M26,P9,20260622
P923M2026,P901 2026M23-EEX,F:P923\M26,P9,20260623
P924M2026,P901 2026M24-EEX,F:P924\M26,P9,20260624
P925M2026,P901 2026M25-EEX,F:P925\M26,P9,20260625
P926M2026,P901 2026M26-EEX,F:P926\M26,P9,20260626
P927M2026,P901 2026M27-EEX,F:P927\M26,P9,20260629
P928M2026,P901 2026M28-EEX,F:P928\M26,P9,20260629
P929M2026,P901 2026M29-EEX,F:P929\M26,P9,20260629
P930M2026,P901 2026M30-EEX,F:P930\M26,P9,20260630
P901N2026,P901 2026N01-EEX,F:P901\N26,P9,20260701
P902N2026,P901 2026N02-EEX,F:P902\N26,P9,20260702
P903N2026,P901 2026N03-EEX,F:P903\N26,P9,20260703
P904N2026,P901 2026N04-EEX,F:P904\N26,P9,20260706
P905N2026,P901 2026N05-EEX,F:P905\N26,P9,20260706
P906N2026,P901 2026N06-EEX,F:P906\N26,P9,20260706
P907N2026,P901 2026N07-EEX,F:P907\N26,P9,20260707
P908N2026,P901 2026N08-EEX,F:P908\N26,P9,20260708
P909N2026,P901 2026N09-EEX,F:P909\N26,P9,20260709
P910N2026,P901 2026N10-EEX,F:P910\N26,P9,20260710
P911N2026,P901 2026N11-EEX,F:P911\N26,P9,20260713
P912N2026,P901 2026N12-EEX,F:P912\N26,P9,20260713
P913N2026,P901 2026N13-EEX,F:P913\N26,P9,20260713
P914N2026,P901 2026N14-EEX,F:P914\N26,P9,20260714
P915N2026,P901 2026N15-EEX,F:P915\N26,P9,20260715
P916N2026,P901 2026N16-EEX,F:P916\N26,P9,20260716
P917N2026,P901 2026N17-EEX,F:P917\N26,P9,20260717
P918N2026,P901 2026N18-EEX,F:P918\N26,P9,20260720
P919N2026,P901 2026N19-EEX,F:P919\N26,P9,20260720
P920N2026,P901 2026N20-EEX,F:P920\N26,P9,20260720
P921N2026,P901 2026N21-EEX,F:P921\N26,P9,20260721
P922N2026,P922N2026,F:P922\N26,P9,20260722
P923N2026,P923N2026,F:P923\N26,P9,20260723
P924N2026,P924N2026,F:P924\N26,P9,20260724
P925N2026,P925N2026,F:P925\N26,P9,20260727
P926N2026,P926N2026,F:P926\N26,P9,20260727
P927N2026,P927N2026,F:P927\N26,P9,20260727
P928N2026,P928N2026,F:P928\N26,P9,20260728
P929N2026,P929N2026,F:P929\N26,P9,20260729
P930N2026,P930N2026,F:P930\N26,P9,20260730
P931N2026,P931N2026,F:P931\N26,P9,20260731
P901Q2026,P901Q2026,F:P901\Q26,P9,20260803
P902Q2026,P902Q2026,F:P902\Q26,P9,20260803
P903Q2026,P903Q2026,F:P903\Q26,P9,20260803
P904Q2026,P904Q2026,F:P904\Q26,P9,20260804
P905Q2026,P905Q2026,F:P905\Q26,P9,20260805
P906Q2026,P906Q2026,F:P906\Q26,P9,20260806
P907Q2026,P907Q2026,F:P907\Q26,P9,20260807
P908Q2026,P908Q2026,F:P908\Q26,P9,20260810
P909Q2026,P909Q2026,F:P909\Q26,P9,20260810
P910Q2026,P910Q2026,F:P910\Q26,P9,20260810
P911Q2026,P911Q2026,F:P911\Q26,P9,20260811
P912Q2026,P912Q2026,F:P912\Q26,P9,20260812
P913Q2026,P901 2026Q13-EEX,F:P913\Q26,P9,20260813
P914Q2026,P901 2026Q14-EEX,F:P914\Q26,P9,20260814
P915Q2026,P901 2026Q15-EEX,F:P915\Q26,P9,20260817
P916Q2026,P901 2026Q16-EEX,F:P916\Q26,P9,20260817
P917Q2026,P901 2026Q17-EEX,F:P917\Q26,P9,20260817
P918Q2026,P901 2026Q18-EEX,F:P918\Q26,P9,20260818
P919Q2026,P901 2026Q19-EEX,F:P919\Q26,P9,20260819
P920Q2026,P901 2026Q20-EEX,F:P920\Q26,P9,20260820
P921Q2026,P901 2026Q21-EEX,F:P921\Q26,P9,20260821
P922Q2026,P901 2026Q22-EEX,F:P922\Q26,P9,20260824
P923Q2026,P901 2026Q23-EEX,F:P923\Q26,P9,20260824
PC06M2026,PC01 2026M06-EEX,F:PC06\M26,PC,20260608
PC07M2026,PC01 2026M07-EEX,F:PC07\M26,PC,20260608
PC08M2026,PC01 2026M08-EEX,F:PC08\M26,PC,20260608
PC09M2026,PC01 2026M09-EEX,F:PC09\M26,PC,20260609
PC10M2026,PC01 2026M10-EEX,F:PC10\M26,PC,20260610
PC11M2026,PC01 2026M11-EEX,F:PC11\M26,PC,20260611
PC12M2026,PC01 2026M12-EEX,F:PC12\M26,PC,20260612
PC13M2026,PC01 2026M13-EEX,F:PC13\M26,PC,20260615
PC14M2026,PC01 2026M14-EEX,F:PC14\M26,PC,20260615
PC15M2026,PC01 2026M15-EEX,F:PC15\M26,PC,20260615
PC16M2026,PC01 2026M16-EEX,F:PC16\M26,PC,20260616
PC17M2026,PC01 2026M17-EEX,F:PC17\M26,PC,20260617
PC18M2026,PC01 2026M18-EEX,F:PC18\M26,PC,20260618
PC19M2026,PC01 2026M19-EEX,F:PC19\M26,PC,20260619
PC20M2026,PC01 2026M20-EEX,F:PC20\M26,PC,20260622
PC21M2026,PC01 2026M21-EEX,F:PC21\M26,PC,20260622
PC22M2026,PC01 2026M22-EEX,F:PC22\M26,PC,20260622
PC23M2026,PC01 2026M23-EEX,F:PC23\M26,PC,20260623
PC24M2026,PC01 2026M24-EEX,F:PC24\M26,PC,20260624
PC25M2026,PC01 2026M25-EEX,F:PC25\M26,PC,20260625
PC26M2026,PC01 2026M26-EEX,F:PC26\M26,PC,20260626
PC27M2026,PC01 2026M27-EEX,F:PC27\M26,PC,20260629
PC28M2026,PC01 2026M28-EEX,F:PC28\M26,PC,20260629
PC29M2026,PC01 2026M29-EEX,F:PC29\M26,PC,20260629
PC30M2026,PC01 2026M30-EEX,F:PC30\M26,PC,20260630
PC01N2026,PC01 2026N01-EEX,F:PC01\N26,PC,20260701
PC02N2026,PC01 2026N02-EEX,F:PC02\N26,PC,20260702
PC03N2026,PC01 2026N03-EEX,F:PC03\N26,PC,20260703
PC04N2026,PC01 2026N04-EEX,F:PC04\N26,PC,20260706
PC05N2026,PC01 2026N05-EEX,F:PC05\N26,PC,20260706
PC06N2026,PC01 2026N06-EEX,F:PC06\N26,PC,20260706
PC07N2026,PC01 2026N07-EEX,F:PC07\N26,PC,20260707
PC08N2026,PC01 2026N08-EEX,F:PC08\N26,PC,20260708
PC09N2026,PC01 2026N09-EEX,F:PC09\N26,PC,20260709
PC10N2026,PC01 2026N10-EEX,F:PC10\N26,PC,20260710
PC11N2026,PC01 2026N11-EEX,F:PC11\N26,PC,20260713
PC12N2026,PC01 2026N12-EEX,F:PC12\N26,PC,20260713
PC13N2026,PC01 2026N13-EEX,F:PC13\N26,PC,20260713
PC14N2026,PC01 2026N14-EEX,F:PC14\N26,PC,20260714
PC15N2026,PC01 2026N15-EEX,F:PC15\N26,PC,20260715
PC16N2026,PC01 2026N16-EEX,F:PC16\N26,PC,20260716
PC17N2026,PC01 2026N17-EEX,F:PC17\N26,PC,20260717
PC18N2026,PC01 2026N18-EEX,F:PC18\N26,PC,20260720
PC19N2026,PC01 2026N19-EEX,F:PC19\N26,PC,20260720
PC20N2026,PC01 2026N20-EEX,F:PC20\N26,PC,20260720
PC21N2026,PC01 2026N21-EEX,F:PC21\N26,PC,20260721
PC22N2026,PC22N2026,F:PC22\N26,PC,20260722
PC23N2026,PC23N2026,F:PC23\N26,PC,20260723
PC24N2026,PC24N2026,F:PC24\N26,PC,20260724
PC25N2026,PC25N2026,F:PC25\N26,PC,20260727
PC26N2026,PC26N2026,F:PC26\N26,PC,20260727
PC27N2026,PC27N2026,F:PC27\N26,PC,20260727
PC28N2026,PC28N2026,F:PC28\N26,PC,20260728
PC29N2026,PC29N2026,F:PC29\N26,PC,20260729
PC30N2026,PC30N2026,F:PC30\N26,PC,20260730
PC31N2026,PC31N2026,F:PC31\N26,PC,20260731
PC01Q2026,PC01Q2026,F:PC01\Q26,PC,20260803
PC02Q2026,PC02Q2026,F:PC02\Q26,PC,20260803
PC03Q2026,PC03Q2026,F:PC03\Q26,PC,20260803
PC04Q2026,PC04Q2026,F:PC04\Q26,PC,20260804
PC05Q2026,PC05Q2026,F:PC05\Q26,PC,20260805
PC06Q2026,PC06Q2026,F:PC06\Q26,PC,20260806
PC07Q2026,PC07Q2026,F:PC07\Q26,PC,20260807
PC08Q2026,PC08Q2026,F:PC08\Q26,PC,20260810
PC09Q2026,PC09Q2026,F:PC09\Q26,PC,20260810
PC10Q2026,PC10Q2026,F:PC10\Q26,PC,20260810
PC11Q2026,PC11Q2026,F:PC11\Q26,PC,20260811
PC12Q2026,PC12Q2026,F:PC12\Q26,PC,20260812
PC13Q2026,PC01 2026Q13-EEX,F:PC13\Q26,PC,20260813
PC14Q2026,PC01 2026Q14-EEX,F:PC14\Q26,PC,20260814
PC15Q2026,PC01 2026Q15-EEX,F:PC15\Q26,PC,20260817
PC16Q2026,PC01 2026Q16-EEX,F:PC16\Q26,PC,20260817
PC17Q2026,PC01 2026Q17-EEX,F:PC17\Q26,PC,20260817
PC18Q2026,PC01 2026Q18-EEX,F:PC18\Q26,PC,20260818
PC19Q2026,PC01 2026Q19-EEX,F:PC19\Q26,PC,20260819
PC20Q2026,PC01 2026Q20-EEX,F:PC20\Q26,PC,20260820
PC21Q2026,PC01 2026Q21-EEX,F:PC21\Q26,PC,20260821
PC22Q2026,PC01 2026Q22-EEX,F:PC22\Q26,PC,20260824
PC23Q2026,PC01 2026Q23-EEX,F:PC23\Q26,PC,20260824
PD06M2026,PD01 2026M06-EEX,F:PD06\M26,PD,20260608
PD07M2026,PD01 2026M07-EEX,F:PD07\M26,PD,20260608
PD08M2026,PD01 2026M08-EEX,F:PD08\M26,PD,20260608
PD09M2026,PD01 2026M09-EEX,F:PD09\M26,PD,20260609
PD10M2026,PD01 2026M10-EEX,F:PD10\M26,PD,20260610
PD11M2026,PD01 2026M11-EEX,F:PD11\M26,PD,20260611
PD12M2026,PD01 2026M12-EEX,F:PD12\M26,PD,20260612
PD13M2026,PD01 2026M13-EEX,F:PD13\M26,PD,20260615
PD14M2026,PD01 2026M14-EEX,F:PD14\M26,PD,20260615
PD15M2026,PD01 2026M15-EEX,F:PD15\M26,PD,20260615
PD16M2026,PD01 2026M16-EEX,F:PD16\M26,PD,20260616
PD17M2026,PD01 2026M17-EEX,F:PD17\M26,PD,20260617
PD18M2026,PD01 2026M18-EEX,F:PD18\M26,PD,20260618
PD19M2026,PD01 2026M19-EEX,F:PD19\M26,PD,20260619
PD20M2026,PD01 2026M20-EEX,F:PD20\M26,PD,20260622
PD21M2026,PD01 2026M21-EEX,F:PD21\M26,PD,20260622
PD22M2026,PD01 2026M22-EEX,F:PD22\M26,PD,20260622
PD23M2026,PD01 2026M23-EEX,F:PD23\M26,PD,20260623
PD24M2026,PD01 2026M24-EEX,F:PD24\M26,PD,20260624
PD25M2026,PD01 2026M25-EEX,F:PD25\M26,PD,20260625
PD26M2026,PD01 2026M26-EEX,F:PD26\M26,PD,20260626
PD27M2026,PD01 2026M27-EEX,F:PD27\M26,PD,20260629
PD28M2026,PD01 2026M28-EEX,F:PD28\M26,PD,20260629
PD29M2026,PD01 2026M29-EEX,F:PD29\M26,PD,20260629
PD30M2026,PD01 2026M30-EEX,F:PD30\M26,PD,20260630
PD01N2026,PD01 2026N01-EEX,F:PD01\N26,PD,20260701
PD02N2026,PD01 2026N02-EEX,F:PD02\N26,PD,20260702
PD03N2026,PD01 2026N03-EEX,F:PD03\N26,PD,20260703
PD04N2026,PD01 2026N04-EEX,F:PD04\N26,PD,20260706
PD05N2026,PD01 2026N05-EEX,F:PD05\N26,PD,20260706
PD06N2026,PD01 2026N06-EEX,F:PD06\N26,PD,20260706
PD07N2026,PD01 2026N07-EEX,F:PD07\N26,PD,20260707
PD08N2026,PD01 2026N08-EEX,F:PD08\N26,PD,20260708
PD09N2026,PD01 2026N09-EEX,F:PD09\N26,PD,20260709
PD10N2026,PD01 2026N10-EEX,F:PD10\N26,PD,20260710
PD11N2026,PD01 2026N11-EEX,F:PD11\N26,PD,20260713
PD12N2026,PD01 2026N12-EEX,F:PD12\N26,PD,20260713
PD13N2026,PD01 2026N13-EEX,F:PD13\N26,PD,20260713
PD14N2026,PD01 2026N14-EEX,F:PD14\N26,PD,20260714
PD15N2026,PD01 2026N15-EEX,F:PD15\N26,PD,20260715
PD16N2026,PD01 2026N16-EEX,F:PD16\N26,PD,20260716
PD17N2026,PD01 2026N17-EEX,F:PD17\N26,PD,20260717
PD18N2026,PD01 2026N18-EEX,F:PD18\N26,PD,20260720
PD19N2026,PD01 2026N19-EEX,F:PD19\N26,PD,20260720
PD20N2026,PD01 2026N20-EEX,F:PD20\N26,PD,20260720
PD21N2026,PD01 2026N21-EEX,F:PD21\N26,PD,20260721
PD22N2026,PD22N2026,F:PD22\N26,PD,20260722
PD23N2026,PD23N2026,F:PD23\N26,PD,20260723
PD24N2026,PD24N2026,F:PD24\N26,PD,20260724
PD25N2026,PD25N2026,F:PD25\N26,PD,20260727
PD26N2026,PD26N2026,F:PD26\N26,PD,20260727
PD27N2026,PD27N2026,F:PD27\N26,PD,20260727
PD28N2026,PD28N2026,F:PD28\N26,PD,20260728
PD29N2026,PD29N2026,F:PD29\N26,PD,20260729
PD30N2026,PD30N2026,F:PD30\N26,PD,20260730
PD31N2026,PD31N2026,F:PD31\N26,PD,20260731
PD01Q2026,PD01Q2026,F:PD01\Q26,PD,20260803
PD02Q2026,PD02Q2026,F:PD02\Q26,PD,20260803
PD03Q2026,PD03Q2026,F:PD03\Q26,PD,20260803
PD04Q2026,PD04Q2026,F:PD04\Q26,PD,20260804
PD05Q2026,PD05Q2026,F:PD05\Q26,PD,20260805
PD06Q2026,PD06Q2026,F:PD06\Q26,PD,20260806
PD07Q2026,PD07Q2026,F:PD07\Q26,PD,20260807
PD08Q2026,PD08Q2026,F:PD08\Q26,PD,20260810
PD09Q2026,PD09Q2026,F:PD09\Q26,PD,20260810
PD10Q2026,PD10Q2026,F:PD10\Q26,PD,20260810
PD11Q2026,PD11Q2026,F:PD11\Q26,PD,20260811
PD12Q2026,PD12Q2026,F:PD12\Q26,PD,20260812
PD13Q2026,PD01 2026Q13-EEX,F:PD13\Q26,PD,20260813
PD14Q2026,PD01 2026Q14-EEX,F:PD14\Q26,PD,20260814
PD15Q2026,PD01 2026Q15-EEX,F:PD15\Q26,PD,20260817
PD16Q2026,PD01 2026Q16-EEX,F:PD16\Q26,PD,20260817
PD17Q2026,PD01 2026Q17-EEX,F:PD17\Q26,PD,20260817
PD18Q2026,PD01 2026Q18-EEX,F:PD18\Q26,PD,20260818
PD19Q2026,PD01 2026Q19-EEX,F:PD19\Q26,PD,20260819
PD20Q2026,PD01 2026Q20-EEX,F:PD20\Q26,PD,20260820
PD21Q2026,PD01 2026Q21-EEX,F:PD21\Q26,PD,20260821
PD22Q2026,PD01 2026Q22-EEX,F:PD22\Q26,PD,20260824
PD23Q2026,PD01 2026Q23-EEX,F:PD23\Q26,PD,20260824
PK06M2026,PK01 2026M06-EEX,F:PK06\M26,PK,20260608
PK07M2026,PK01 2026M07-EEX,F:PK07\M26,PK,20260608
PK08M2026,PK01 2026M08-EEX,F:PK08\M26,PK,20260608
PK09M2026,PK01 2026M09-EEX,F:PK09\M26,PK,20260609
PK10M2026,PK01 2026M10-EEX,F:PK10\M26,PK,20260610
PK11M2026,PK01 2026M11-EEX,F:PK11\M26,PK,20260611
PK12M2026,PK01 2026M12-EEX,F:PK12\M26,PK,20260612
PK13M2026,PK01 2026M13-EEX,F:PK13\M26,PK,20260615
PK14M2026,PK01 2026M14-EEX,F:PK14\M26,PK,20260615
PK15M2026,PK01 2026M15-EEX,F:PK15\M26,PK,20260615
PK16M2026,PK01 2026M16-EEX,F:PK16\M26,PK,20260616
PK17M2026,PK01 2026M17-EEX,F:PK17\M26,PK,20260617
PK18M2026,PK01 2026M18-EEX,F:PK18\M26,PK,20260618
PK19M2026,PK01 2026M19-EEX,F:PK19\M26,PK,20260619
PK20M2026,PK01 2026M20-EEX,F:PK20\M26,PK,20260622
PK21M2026,PK01 2026M21-EEX,F:PK21\M26,PK,20260622
PK22M2026,PK01 2026M22-EEX,F:PK22\M26,PK,20260622
PK23M2026,PK01 2026M23-EEX,F:PK23\M26,PK,20260623
PK24M2026,PK01 2026M24-EEX,F:PK24\M26,PK,20260624
PK25M2026,PK01 2026M25-EEX,F:PK25\M26,PK,20260625
PK26M2026,PK01 2026M26-EEX,F:PK26\M26,PK,20260626
PK27M2026,PK01 2026M27-EEX,F:PK27\M26,PK,20260629
PK28M2026,PK01 2026M28-EEX,F:PK28\M26,PK,20260629
PK29M2026,PK01 2026M29-EEX,F:PK29\M26,PK,20260629
PK30M2026,PK01 2026M30-EEX,F:PK30\M26,PK,20260630
PK01N2026,PK01 2026N01-EEX,F:PK01\N26,PK,20260701
PK02N2026,PK01 2026N02-EEX,F:PK02\N26,PK,20260702
PK03N2026,PK01 2026N03-EEX,F:PK03\N26,PK,20260703
PK04N2026,PK01 2026N04-EEX,F:PK04\N26,PK,20260706
PK05N2026,PK01 2026N05-EEX,F:PK05\N26,PK,20260706
PK06N2026,PK01 2026N06-EEX,F:PK06\N26,PK,20260706
PK07N2026,PK01 2026N07-EEX,F:PK07\N26,PK,20260707
PK08N2026,PK01 2026N08-EEX,F:PK08\N26,PK,20260708
PK09N2026,PK01 2026N09-EEX,F:PK09\N26,PK,20260709
PK10N2026,PK01 2026N10-EEX,F:PK10\N26,PK,20260710
PK11N2026,PK01 2026N11-EEX,F:PK11\N26,PK,20260713
PK12N2026,PK01 2026N12-EEX,F:PK12\N26,PK,20260713
PK13N2026,PK01 2026N13-EEX,F:PK13\N26,PK,20260713
PK14N2026,PK01 2026N14-EEX,F:PK14\N26,PK,20260714
PK15N2026,PK01 2026N15-EEX,F:PK15\N26,PK,20260715
PK16N2026,PK01 2026N16-EEX,F:PK16\N26,PK,20260716
PK17N2026,PK01 2026N17-EEX,F:PK17\N26,PK,20260717
PK18N2026,PK01 2026N18-EEX,F:PK18\N26,PK,20260720
PK19N2026,PK01 2026N19-EEX,F:PK19\N26,PK,20260720
PK20N2026,PK01 2026N20-EEX,F:PK20\N26,PK,20260720
PK21N2026,PK01 2026N21-EEX,F:PK21\N26,PK,20260721
PK22N2026,PK22N2026,F:PK22\N26,PK,20260722
PK23N2026,PK23N2026,F:PK23\N26,PK,20260723
PK24N2026,PK24N2026,F:PK24\N26,PK,20260724
PK25N2026,PK25N2026,F:PK25\N26,PK,20260727
PK26N2026,PK26N2026,F:PK26\N26,PK,20260727
PK27N2026,PK27N2026,F:PK27\N26,PK,20260727
PK28N2026,PK28N2026,F:PK28\N26,PK,20260728
PK29N2026,PK29N2026,F:PK29\N26,PK,20260729
PK30N2026,PK30N2026,F:PK30\N26,PK,20260730
PK31N2026,PK31N2026,F:PK31\N26,PK,20260731
PK01Q2026,PK01Q2026,F:PK01\Q26,PK,20260803
PK02Q2026,PK02Q2026,F:PK02\Q26,PK,20260803
PK03Q2026,PK03Q2026,F:PK03\Q26,PK,20260803
PK04Q2026,PK04Q2026,F:PK04\Q26,PK,20260804
PK05Q2026,PK05Q2026,F:PK05\Q26,PK,20260805
PK06Q2026,PK06Q2026,F:PK06\Q26,PK,20260806
PK07Q2026,PK07Q2026,F:PK07\Q26,PK,20260807
PK08Q2026,PK08Q2026,F:PK08\Q26,PK,20260810
PK09Q2026,PK09Q2026,F:PK09\Q26,PK,20260810
PK10Q2026,PK10Q2026,F:PK10\Q26,PK,20260810
PK11Q2026,PK11Q2026,F:PK11\Q26,PK,20260811
PK12Q2026,PK12Q2026,F:PK12\Q26,PK,20260812
PK13Q2026,PK01 2026Q13-EEX,F:PK13\Q26,PK,20260813
PK14Q2026,PK01 2026Q14-EEX,F:PK14\Q26,PK,20260814
PK15Q2026,PK01 2026Q15-EEX,F:PK15\Q26,PK,20260817
PK16Q2026,PK01 2026Q16-EEX,F:PK16\Q26,PK,20260817
PK17Q2026,PK01 2026Q17-EEX,F:PK17\Q26,PK,20260817
PK18Q2026,PK01 2026Q18-EEX,F:PK18\Q26,PK,20260818
PK19Q2026,PK01 2026Q19-EEX,F:PK19\Q26,PK,20260819
PK20Q2026,PK01 2026Q20-EEX,F:PK20\Q26,PK,20260820
PK21Q2026,PK01 2026Q21-EEX,F:PK21\Q26,PK,20260821
PK22Q2026,PK01 2026Q22-EEX,F:PK22\Q26,PK,20260824
PK23Q2026,PK01 2026Q23-EEX,F:PK23\Q26,PK,20260824
PT06M2026,PT01 2026M06-EEX,F:PT06\M26,PT,20260608
PT07M2026,PT01 2026M07-EEX,F:PT07\M26,PT,20260608
PT08M2026,PT01 2026M08-EEX,F:PT08\M26,PT,20260608
PT09M2026,PT01 2026M09-EEX,F:PT09\M26,PT,20260609
PT10M2026,PT01 2026M10-EEX,F:PT10\M26,PT,20260610
PT11M2026,PT01 2026M11-EEX,F:PT11\M26,PT,20260611
PT12M2026,PT01 2026M12-EEX,F:PT12\M26,PT,20260612
PT13M2026,PT01 2026M13-EEX,F:PT13\M26,PT,20260615
PT14M2026,PT01 2026M14-EEX,F:PT14\M26,PT,20260615
PT15M2026,PT01 2026M15-EEX,F:PT15\M26,PT,20260615
PT16M2026,PT01 2026M16-EEX,F:PT16\M26,PT,20260616
PT17M2026,PT01 2026M17-EEX,F:PT17\M26,PT,20260617
PT18M2026,PT01 2026M18-EEX,F:PT18\M26,PT,20260618
PT19M2026,PT01 2026M19-EEX,F:PT19\M26,PT,20260619
PT20M2026,PT01 2026M20-EEX,F:PT20\M26,PT,20260622
PT21M2026,PT01 2026M21-EEX,F:PT21\M26,PT,20260622
PT22M2026,PT01 2026M22-EEX,F:PT22\M26,PT,20260622
PT23M2026,PT01 2026M23-EEX,F:PT23\M26,PT,20260623
PT24M2026,PT01 2026M24-EEX,F:PT24\M26,PT,20260624
PT25M2026,PT01 2026M25-EEX,F:PT25\M26,PT,20260625
PT26M2026,PT01 2026M26-EEX,F:PT26\M26,PT,20260626
PT27M2026,PT01 2026M27-EEX,F:PT27\M26,PT,20260629
PT28M2026,PT01 2026M28-EEX,F:PT28\M26,PT,20260629
PT29M2026,PT01 2026M29-EEX,F:PT29\M26,PT,20260629
PT30M2026,PT01 2026M30-EEX,F:PT30\M26,PT,20260630
PT01N2026,PT01 2026N01-EEX,F:PT01\N26,PT,20260701
PT02N2026,PT01 2026N02-EEX,F:PT02\N26,PT,20260702
PT03N2026,PT01 2026N03-EEX,F:PT03\N26,PT,20260703
PT04N2026,PT01 2026N04-EEX,F:PT04\N26,PT,20260706
PT05N2026,PT01 2026N05-EEX,F:PT05\N26,PT,20260706
PT06N2026,PT01 2026N06-EEX,F:PT06\N26,PT,20260706
PT07N2026,PT01 2026N07-EEX,F:PT07\N26,PT,20260707
PT08N2026,PT01 2026N08-EEX,F:PT08\N26,PT,20260708
PT09N2026,PT01 2026N09-EEX,F:PT09\N26,PT,20260709
PT10N2026,PT01 2026N10-EEX,F:PT10\N26,PT,20260710
PT11N2026,PT01 2026N11-EEX,F:PT11\N26,PT,20260713
PT12N2026,PT01 2026N12-EEX,F:PT12\N26,PT,20260713
PT13N2026,PT01 2026N13-EEX,F:PT13\N26,PT,20260713
PT14N2026,PT01 2026N14-EEX,F:PT14\N26,PT,20260714
PT15N2026,PT01 2026N15-EEX,F:PT15\N26,PT,20260715
PT16N2026,PT01 2026N16-EEX,F:PT16\N26,PT,20260716
PT17N2026,PT01 2026N17-EEX,F:PT17\N26,PT,20260717
PT18N2026,PT01 2026N18-EEX,F:PT18\N26,PT,20260720
PT19N2026,PT01 2026N19-EEX,F:PT19\N26,PT,20260720
PT20N2026,PT01 2026N20-EEX,F:PT20\N26,PT,20260720
PT21N2026,PT01 2026N21-EEX,F:PT21\N26,PT,20260721
PT22N2026,PT22N2026,F:PT22\N26,PT,20260722
PT23N2026,PT23N2026,F:PT23\N26,PT,20260723
PT24N2026,PT24N2026,F:PT24\N26,PT,20260724
PT25N2026,PT25N2026,F:PT25\N26,PT,20260727
PT26N2026,PT26N2026,F:PT26\N26,PT,20260727
PT27N2026,PT27N2026,F:PT27\N26,PT,20260727
PT28N2026,PT28N2026,F:PT28\N26,PT,20260728
PT29N2026,PT29N2026,F:PT29\N26,PT,20260729
PT30N2026,PT30N2026,F:PT30\N26,PT,20260730
PT31N2026,PT31N2026,F:PT31\N26,PT,20260731
PT01Q2026,PT01Q2026,F:PT01\Q26,PT,20260803
PT02Q2026,PT02Q2026,F:PT02\Q26,PT,20260803
PT03Q2026,PT03Q2026,F:PT03\Q26,PT,20260803
PT04Q2026,PT04Q2026,F:PT04\Q26,PT,20260804
PT05Q2026,PT05Q2026,F:PT05\Q26,PT,20260805
PT06Q2026,PT06Q2026,F:PT06\Q26,PT,20260806
PT07Q2026,PT07Q2026,F:PT07\Q26,PT,20260807
PT08Q2026,PT08Q2026,F:PT08\Q26,PT,20260810
PT09Q2026,PT09Q2026,F:PT09\Q26,PT,20260810
PT10Q2026,PT10Q2026,F:PT10\Q26,PT,20260810
PT11Q2026,PT11Q2026,F:PT11\Q26,PT,20260811
PT12Q2026,PT12Q2026,F:PT12\Q26,PT,20260812
PT13Q2026,PT01 2026Q13-EEX,F:PT13\Q26,PT,20260813
PT14Q2026,PT01 2026Q14-EEX,F:PT14\Q26,PT,20260814
PT15Q2026,PT01 2026Q15-EEX,F:PT15\Q26,PT,20260817
PT16Q2026,PT01 2026Q16-EEX,F:PT16\Q26,PT,20260817
PT17Q2026,PT01 2026Q17-EEX,F:PT17\Q26,PT,20260817
PT18Q2026,PT01 2026Q18-EEX,F:PT18\Q26,PT,20260818
PT19Q2026,PT01 2026Q19-EEX,F:PT19\Q26,PT,20260819
PT20Q2026,PT01 2026Q20-EEX,F:PT20\Q26,PT,20260820
PT21Q2026,PT01 2026Q21-EEX,F:PT21\Q26,PT,20260821
PT22Q2026,PT01 2026Q22-EEX,F:PT22\Q26,PT,20260824
PT23Q2026,PT01 2026Q23-EEX,F:PT23\Q26,PT,20260824
PX06M2026,PX01 2026M06-EEX,F:PX06\M26,PX,20260608
PX07M2026,PX01 2026M07-EEX,F:PX07\M26,PX,20260608
PX08M2026,PX01 2026M08-EEX,F:PX08\M26,PX,20260608
PX09M2026,PX01 2026M09-EEX,F:PX09\M26,PX,20260609
PX10M2026,PX01 2026M10-EEX,F:PX10\M26,PX,20260610
PX11M2026,PX01 2026M11-EEX,F:PX11\M26,PX,20260611
PX12M2026,PX01 2026M12-EEX,F:PX12\M26,PX,20260612
PX13M2026,PX01 2026M13-EEX,F:PX13\M26,PX,20260615
PX14M2026,PX01 2026M14-EEX,F:PX14\M26,PX,20260615
PX15M2026,PX01 2026M15-EEX,F:PX15\M26,PX,20260615
PX16M2026,PX01 2026M16-EEX,F:PX16\M26,PX,20260616
PX17M2026,PX01 2026M17-EEX,F:PX17\M26,PX,20260617
PX18M2026,PX01 2026M18-EEX,F:PX18\M26,PX,20260618
PX19M2026,PX01 2026M19-EEX,F:PX19\M26,PX,20260619
PX20M2026,PX01 2026M20-EEX,F:PX20\M26,PX,20260622
PX21M2026,PX01 2026M21-EEX,F:PX21\M26,PX,20260622
PX22M2026,PX01 2026M22-EEX,F:PX22\M26,PX,20260622
PX23M2026,PX01 2026M23-EEX,F:PX23\M26,PX,20260623
PX24M2026,PX01 2026M24-EEX,F:PX24\M26,PX,20260624
PX25M2026,PX01 2026M25-EEX,F:PX25\M26,PX,20260625
PX26M2026,PX01 2026M26-EEX,F:PX26\M26,PX,20260626
PX27M2026,PX01 2026M27-EEX,F:PX27\M26,PX,20260629
PX28M2026,PX01 2026M28-EEX,F:PX28\M26,PX,20260629
PX29M2026,PX01 2026M29-EEX,F:PX29\M26,PX,20260629
PX30M2026,PX01 2026M30-EEX,F:PX30\M26,PX,20260630
PX01N2026,PX01 2026N01-EEX,F:PX01\N26,PX,20260701
PX02N2026,PX01 2026N02-EEX,F:PX02\N26,PX,20260702
PX03N2026,PX01 2026N03-EEX,F:PX03\N26,PX,20260703
PX04N2026,PX01 2026N04-EEX,F:PX04\N26,PX,20260706
PX05N2026,PX01 2026N05-EEX,F:PX05\N26,PX,20260706
PX06N2026,PX01 2026N06-EEX,F:PX06\N26,PX,20260706
PX07N2026,PX01 2026N07-EEX,F:PX07\N26,PX,20260707
PX08N2026,PX01 2026N08-EEX,F:PX08\N26,PX,20260708
PX09N2026,PX01 2026N09-EEX,F:PX09\N26,PX,20260709
PX10N2026,PX01 2026N10-EEX,F:PX10\N26,PX,20260710
PX11N2026,PX01 2026N11-EEX,F:PX11\N26,PX,20260713
PX12N2026,PX01 2026N12-EEX,F:PX12\N26,PX,20260713
PX13N2026,PX01 2026N13-EEX,F:PX13\N26,PX,20260713
PX14N2026,PX01 2026N14-EEX,F:PX14\N26,PX,20260714
PX15N2026,PX01 2026N15-EEX,F:PX15\N26,PX,20260715
PX16N2026,PX01 2026N16-EEX,F:PX16\N26,PX,20260716
PX17N2026,PX01 2026N17-EEX,F:PX17\N26,PX,20260717
PX18N2026,PX01 2026N18-EEX,F:PX18\N26,PX,20260720
PX19N2026,PX01 2026N19-EEX,F:PX19\N26,PX,20260720
PX20N2026,PX01 2026N20-EEX,F:PX20\N26,PX,20260720
PX21N2026,PX01 2026N21-EEX,F:PX21\N26,PX,20260721
PX22N2026,PX22N2026,F:PX22\N26,PX,20260722
PX23N2026,PX23N2026,F:PX23\N26,PX,20260723
PX24N2026,PX24N2026,F:PX24\N26,PX,20260724
PX25N2026,PX25N2026,F:PX25\N26,PX,20260727
PX26N2026,PX26N2026,F:PX26\N26,PX,20260727
PX27N2026,PX27N2026,F:PX27\N26,PX,20260727
PX28N2026,PX28N2026,F:PX28\N26,PX,20260728
PX29N2026,PX29N2026,F:PX29\N26,PX,20260729
PX30N2026,PX30N2026,F:PX30\N26,PX,20260730
PX31N2026,PX31N2026,F:PX31\N26,PX,20260731
PX01Q2026,PX01Q2026,F:PX01\Q26,PX,20260803
PX02Q2026,PX02Q2026,F:PX02\Q26,PX,20260803
PX03Q2026,PX03Q2026,F:PX03\Q26,PX,20260803
PX04Q2026,PX04Q2026,F:PX04\Q26,PX,20260804
PX05Q2026,PX05Q2026,F:PX05\Q26,PX,20260805
PX06Q2026,PX06Q2026,F:PX06\Q26,PX,20260806
PX07Q2026,PX07Q2026,F:PX07\Q26,PX,20260807
PX08Q2026,PX08Q2026,F:PX08\Q26,PX,20260810
PX09Q2026,PX09Q2026,F:PX09\Q26,PX,20260810
PX10Q2026,PX10Q2026,F:PX10\Q26,PX,20260810
PX11Q2026,PX11Q2026,F:PX11\Q26,PX,20260811
PX12Q2026,PX12Q2026,F:PX12\Q26,PX,20260812
PX13Q2026,PX01 2026Q13-EEX,F:PX13\Q26,PX,20260813
PX14Q2026,PX01 2026Q14-EEX,F:PX14\Q26,PX,20260814
PX15Q2026,PX01 2026Q15-EEX,F:PX15\Q26,PX,20260817
PX16Q2026,PX01 2026Q16-EEX,F:PX16\Q26,PX,20260817
PX17Q2026,PX01 2026Q17-EEX,F:PX17\Q26,PX,20260817
PX18Q2026,PX01 2026Q18-EEX,F:PX18\Q26,PX,20260818
PX19Q2026,PX01 2026Q19-EEX,F:PX19\Q26,PX,20260819
PX20Q2026,PX01 2026Q20-EEX,F:PX20\Q26,PX,20260820
PX21Q2026,PX01 2026Q21-EEX,F:PX21\Q26,PX,20260821
PX22Q2026,PX01 2026Q22-EEX,F:PX22\Q26,PX,20260824
PX23Q2026,PX01 2026Q23-EEX,F:PX23\Q26,PX,20260824
Q106M2026,Q101 2026M06-EEX,F:Q106\M26,Q1,20260608
Q107M2026,Q101 2026M07-EEX,F:Q107\M26,Q1,20260608
Q108M2026,Q101 2026M08-EEX,F:Q108\M26,Q1,20260608
Q109M2026,Q101 2026M09-EEX,F:Q109\M26,Q1,20260609
Q110M2026,Q101 2026M10-EEX,F:Q110\M26,Q1,20260610
Q111M2026,Q101 2026M11-EEX,F:Q111\M26,Q1,20260611
Q112M2026,Q101 2026M12-EEX,F:Q112\M26,Q1,20260612
Q113M2026,Q101 2026M13-EEX,F:Q113\M26,Q1,20260615
Q114M2026,Q101 2026M14-EEX,F:Q114\M26,Q1,20260615
Q115M2026,Q101 2026M15-EEX,F:Q115\M26,Q1,20260615
Q116M2026,Q101 2026M16-EEX,F:Q116\M26,Q1,20260616
Q117M2026,Q101 2026M17-EEX,F:Q117\M26,Q1,20260617
Q118M2026,Q101 2026M18-EEX,F:Q118\M26,Q1,20260618
Q119M2026,Q101 2026M19-EEX,F:Q119\M26,Q1,20260619
Q120M2026,Q101 2026M20-EEX,F:Q120\M26,Q1,20260622
Q121M2026,Q101 2026M21-EEX,F:Q121\M26,Q1,20260622
Q122M2026,Q101 2026M22-EEX,F:Q122\M26,Q1,20260622
Q123M2026,Q101 2026M23-EEX,F:Q123\M26,Q1,20260623
Q124M2026,Q101 2026M24-EEX,F:Q124\M26,Q1,20260624
Q125M2026,Q101 2026M25-EEX,F:Q125\M26,Q1,20260625
Q126M2026,Q101 2026M26-EEX,F:Q126\M26,Q1,20260626
Q127M2026,Q101 2026M27-EEX,F:Q127\M26,Q1,20260629
Q128M2026,Q101 2026M28-EEX,F:Q128\M26,Q1,20260629
Q129M2026,Q101 2026M29-EEX,F:Q129\M26,Q1,20260629
Q130M2026,Q101 2026M30-EEX,F:Q130\M26,Q1,20260630
Q101N2026,Q101 2026N01-EEX,F:Q101\N26,Q1,20260701
Q102N2026,Q101 2026N02-EEX,F:Q102\N26,Q1,20260702
Q103N2026,Q101 2026N03-EEX,F:Q103\N26,Q1,20260703
Q104N2026,Q101 2026N04-EEX,F:Q104\N26,Q1,20260706
Q105N2026,Q101 2026N05-EEX,F:Q105\N26,Q1,20260706
Q106N2026,Q101 2026N06-EEX,F:Q106\N26,Q1,20260706
Q107N2026,Q101 2026N07-EEX,F:Q107\N26,Q1,20260707
Q108N2026,Q101 2026N08-EEX,F:Q108\N26,Q1,20260708
Q109N2026,Q101 2026N09-EEX,F:Q109\N26,Q1,20260709
Q110N2026,Q101 2026N10-EEX,F:Q110\N26,Q1,20260710
Q111N2026,Q101 2026N11-EEX,F:Q111\N26,Q1,20260713
Q112N2026,Q101 2026N12-EEX,F:Q112\N26,Q1,20260713
Q113N2026,Q101 2026N13-EEX,F:Q113\N26,Q1,20260713
Q114N2026,Q101 2026N14-EEX,F:Q114\N26,Q1,20260714
Q115N2026,Q101 2026N15-EEX,F:Q115\N26,Q1,20260715
Q116N2026,Q101 2026N16-EEX,F:Q116\N26,Q1,20260716
Q117N2026,Q101 2026N17-EEX,F:Q117\N26,Q1,20260717
Q118N2026,Q101 2026N18-EEX,F:Q118\N26,Q1,20260720
Q119N2026,Q101 2026N19-EEX,F:Q119\N26,Q1,20260720
Q120N2026,Q101 2026N20-EEX,F:Q120\N26,Q1,20260720
Q121N2026,Q101 2026N21-EEX,F:Q121\N26,Q1,20260721
Q122N2026,Q122N2026,F:Q122\N26,Q1,20260722
Q123N2026,Q123N2026,F:Q123\N26,Q1,20260723
Q124N2026,Q124N2026,F:Q124\N26,Q1,20260724
Q125N2026,Q125N2026,F:Q125\N26,Q1,20260727
Q126N2026,Q126N2026,F:Q126\N26,Q1,20260727
Q127N2026,Q127N2026,F:Q127\N26,Q1,20260727
Q128N2026,Q128N2026,F:Q128\N26,Q1,20260728
Q129N2026,Q129N2026,F:Q129\N26,Q1,20260729
Q130N2026,Q130N2026,F:Q130\N26,Q1,20260730
Q131N2026,Q131N2026,F:Q131\N26,Q1,20260731
Q101Q2026,Q101Q2026,F:Q101\Q26,Q1,20260803
Q102Q2026,Q102Q2026,F:Q102\Q26,Q1,20260803
Q103Q2026,Q103Q2026,F:Q103\Q26,Q1,20260803
Q104Q2026,Q104Q2026,F:Q104\Q26,Q1,20260804
Q105Q2026,Q105Q2026,F:Q105\Q26,Q1,20260805
Q106Q2026,Q106Q2026,F:Q106\Q26,Q1,20260806
Q107Q2026,Q107Q2026,F:Q107\Q26,Q1,20260807
Q108Q2026,Q108Q2026,F:Q108\Q26,Q1,20260810
Q109Q2026,Q109Q2026,F:Q109\Q26,Q1,20260810
Q110Q2026,Q110Q2026,F:Q110\Q26,Q1,20260810
Q111Q2026,Q111Q2026,F:Q111\Q26,Q1,20260811
Q112Q2026,Q112Q2026,F:Q112\Q26,Q1,20260812
Q113Q2026,Q101 2026Q13-EEX,F:Q113\Q26,Q1,20260813
Q114Q2026,Q101 2026Q14-EEX,F:Q114\Q26,Q1,20260814
Q115Q2026,Q101 2026Q15-EEX,F:Q115\Q26,Q1,20260817
Q116Q2026,Q101 2026Q16-EEX,F:Q116\Q26,Q1,20260817
Q117Q2026,Q101 2026Q17-EEX,F:Q117\Q26,Q1,20260817
Q118Q2026,Q101 2026Q18-EEX,F:Q118\Q26,Q1,20260818
Q119Q2026,Q101 2026Q19-EEX,F:Q119\Q26,Q1,20260819
Q120Q2026,Q101 2026Q20-EEX,F:Q120\Q26,Q1,20260820
Q121Q2026,Q101 2026Q21-EEX,F:Q121\Q26,Q1,20260821
Q122Q2026,Q101 2026Q22-EEX,F:Q122\Q26,Q1,20260824
Q123Q2026,Q101 2026Q23-EEX,F:Q123\Q26,Q1,20260824
QB06M2026,QB01 2026M06-EEX,F:QB06\M26,QB,20260608
QB07M2026,QB01 2026M07-EEX,F:QB07\M26,QB,20260608
QB08M2026,QB01 2026M08-EEX,F:QB08\M26,QB,20260608
QB09M2026,QB01 2026M09-EEX,F:QB09\M26,QB,20260609
QB10M2026,QB01 2026M10-EEX,F:QB10\M26,QB,20260610
QB11M2026,QB01 2026M11-EEX,F:QB11\M26,QB,20260611
QB12M2026,QB01 2026M12-EEX,F:QB12\M26,QB,20260612
QB13M2026,QB01 2026M13-EEX,F:QB13\M26,QB,20260615
QB14M2026,QB01 2026M14-EEX,F:QB14\M26,QB,20260615
QB15M2026,QB01 2026M15-EEX,F:QB15\M26,QB,20260615
QB16M2026,QB01 2026M16-EEX,F:QB16\M26,QB,20260616
QB17M2026,QB01 2026M17-EEX,F:QB17\M26,QB,20260617
QB18M2026,QB01 2026M18-EEX,F:QB18\M26,QB,20260618
QB19M2026,QB01 2026M19-EEX,F:QB19\M26,QB,20260619
QB20M2026,QB01 2026M20-EEX,F:QB20\M26,QB,20260622
QB21M2026,QB01 2026M21-EEX,F:QB21\M26,QB,20260622
QB22M2026,QB01 2026M22-EEX,F:QB22\M26,QB,20260622
QB23M2026,QB01 2026M23-EEX,F:QB23\M26,QB,20260623
QB24M2026,QB01 2026M24-EEX,F:QB24\M26,QB,20260624
QB25M2026,QB01 2026M25-EEX,F:QB25\M26,QB,20260625
QB26M2026,QB01 2026M26-EEX,F:QB26\M26,QB,20260626
QB27M2026,QB01 2026M27-EEX,F:QB27\M26,QB,20260629
QB28M2026,QB01 2026M28-EEX,F:QB28\M26,QB,20260629
QB29M2026,QB01 2026M29-EEX,F:QB29\M26,QB,20260629
QB30M2026,QB01 2026M30-EEX,F:QB30\M26,QB,20260630
QB01N2026,QB01 2026N01-EEX,F:QB01\N26,QB,20260701
QB02N2026,QB01 2026N02-EEX,F:QB02\N26,QB,20260702
QB03N2026,QB01 2026N03-EEX,F:QB03\N26,QB,20260703
QB04N2026,QB01 2026N04-EEX,F:QB04\N26,QB,20260706
QB05N2026,QB01 2026N05-EEX,F:QB05\N26,QB,20260706
QB06N2026,QB01 2026N06-EEX,F:QB06\N26,QB,20260706
QB07N2026,QB01 2026N07-EEX,F:QB07\N26,QB,20260707
QB08N2026,QB01 2026N08-EEX,F:QB08\N26,QB,20260708
QB09N2026,QB01 2026N09-EEX,F:QB09\N26,QB,20260709
QB10N2026,QB01 2026N10-EEX,F:QB10\N26,QB,20260710
QB11N2026,QB01 2026N11-EEX,F:QB11\N26,QB,20260713
QB12N2026,QB01 2026N12-EEX,F:QB12\N26,QB,20260713
QB13N2026,QB01 2026N13-EEX,F:QB13\N26,QB,20260713
QB14N2026,QB01 2026N14-EEX,F:QB14\N26,QB,20260714
QB15N2026,QB01 2026N15-EEX,F:QB15\N26,QB,20260715
QB16N2026,QB01 2026N16-EEX,F:QB16\N26,QB,20260716
QB17N2026,QB01 2026N17-EEX,F:QB17\N26,QB,20260717
QB18N2026,QB01 2026N18-EEX,F:QB18\N26,QB,20260720
QB19N2026,QB01 2026N19-EEX,F:QB19\N26,QB,20260720
QB20N2026,QB01 2026N20-EEX,F:QB20\N26,QB,20260720
QB21N2026,QB01 2026N21-EEX,F:QB21\N26,QB,20260721
QB22N2026,QB22N2026,F:QB22\N26,QB,20260722
QB23N2026,QB23N2026,F:QB23\N26,QB,20260723
QB24N2026,QB24N2026,F:QB24\N26,QB,20260724
QB25N2026,QB25N2026,F:QB25\N26,QB,20260727
QB26N2026,QB26N2026,F:QB26\N26,QB,20260727
QB27N2026,QB27N2026,F:QB27\N26,QB,20260727
QB28N2026,QB28N2026,F:QB28\N26,QB,20260728
QB29N2026,QB29N2026,F:QB29\N26,QB,20260729
QB30N2026,QB30N2026,F:QB30\N26,QB,20260730
QB31N2026,QB31N2026,F:QB31\N26,QB,20260731
QB01Q2026,QB01Q2026,F:QB01\Q26,QB,20260803
QB02Q2026,QB02Q2026,F:QB02\Q26,QB,20260803
QB03Q2026,QB03Q2026,F:QB03\Q26,QB,20260803
QB04Q2026,QB04Q2026,F:QB04\Q26,QB,20260804
QB05Q2026,QB05Q2026,F:QB05\Q26,QB,20260805
QB06Q2026,QB06Q2026,F:QB06\Q26,QB,20260806
QB07Q2026,QB07Q2026,F:QB07\Q26,QB,20260807
QB08Q2026,QB08Q2026,F:QB08\Q26,QB,20260810
QB09Q2026,QB09Q2026,F:QB09\Q26,QB,20260810
QB10Q2026,QB10Q2026,F:QB10\Q26,QB,20260810
QB11Q2026,QB11Q2026,F:QB11\Q26,QB,20260811
QB12Q2026,QB12Q2026,F:QB12\Q26,QB,20260812
QB13Q2026,QB01 2026Q13-EEX,F:QB13\Q26,QB,20260813
QB14Q2026,QB01 2026Q14-EEX,F:QB14\Q26,QB,20260814
QB15Q2026,QB01 2026Q15-EEX,F:QB15\Q26,QB,20260817
QB16Q2026,QB01 2026Q16-EEX,F:QB16\Q26,QB,20260817
QB17Q2026,QB01 2026Q17-EEX,F:QB17\Q26,QB,20260817
QB18Q2026,QB01 2026Q18-EEX,F:QB18\Q26,QB,20260818
QB19Q2026,QB01 2026Q19-EEX,F:QB19\Q26,QB,20260819
QB20Q2026,QB01 2026Q20-EEX,F:QB20\Q26,QB,20260820
QB21Q2026,QB01 2026Q21-EEX,F:QB21\Q26,QB,20260821
QB22Q2026,QB01 2026Q22-EEX,F:QB22\Q26,QB,20260824
QB23Q2026,QB01 2026Q23-EEX,F:QB23\Q26,QB,20260824
QP06M2026,QP01 2026M06-EEX,F:QP06\M26,QP,20260608
QP07M2026,QP01 2026M07-EEX,F:QP07\M26,QP,20260608
QP08M2026,QP01 2026M08-EEX,F:QP08\M26,QP,20260608
QP09M2026,QP01 2026M09-EEX,F:QP09\M26,QP,20260609
QP10M2026,QP01 2026M10-EEX,F:QP10\M26,QP,20260610
QP11M2026,QP01 2026M11-EEX,F:QP11\M26,QP,20260611
QP12M2026,QP01 2026M12-EEX,F:QP12\M26,QP,20260612
QP13M2026,QP01 2026M13-EEX,F:QP13\M26,QP,20260615
QP14M2026,QP01 2026M14-EEX,F:QP14\M26,QP,20260615
QP15M2026,QP01 2026M15-EEX,F:QP15\M26,QP,20260615
QP16M2026,QP01 2026M16-EEX,F:QP16\M26,QP,20260616
QP17M2026,QP01 2026M17-EEX,F:QP17\M26,QP,20260617
QP18M2026,QP01 2026M18-EEX,F:QP18\M26,QP,20260618
QP19M2026,QP01 2026M19-EEX,F:QP19\M26,QP,20260619
QP20M2026,QP01 2026M20-EEX,F:QP20\M26,QP,20260622
QP21M2026,QP01 2026M21-EEX,F:QP21\M26,QP,20260622
QP22M2026,QP01 2026M22-EEX,F:QP22\M26,QP,20260622
QP23M2026,QP01 2026M23-EEX,F:QP23\M26,QP,20260623
QP24M2026,QP01 2026M24-EEX,F:QP24\M26,QP,20260624
QP25M2026,QP01 2026M25-EEX,F:QP25\M26,QP,20260625
QP26M2026,QP01 2026M26-EEX,F:QP26\M26,QP,20260626
QP27M2026,QP01 2026M27-EEX,F:QP27\M26,QP,20260629
QP28M2026,QP01 2026M28-EEX,F:QP28\M26,QP,20260629
QP29M2026,QP01 2026M29-EEX,F:QP29\M26,QP,20260629
QP30M2026,QP01 2026M30-EEX,F:QP30\M26,QP,20260630
QP01N2026,QP01 2026N01-EEX,F:QP01\N26,QP,20260701
QP02N2026,QP01 2026N02-EEX,F:QP02\N26,QP,20260702
QP03N2026,QP01 2026N03-EEX,F:QP03\N26,QP,20260703
QP04N2026,QP01 2026N04-EEX,F:QP04\N26,QP,20260706
QP05N2026,QP01 2026N05-EEX,F:QP05\N26,QP,20260706
QP06N2026,QP01 2026N06-EEX,F:QP06\N26,QP,20260706
QP07N2026,QP01 2026N07-EEX,F:QP07\N26,QP,20260707
QP08N2026,QP01 2026N08-EEX,F:QP08\N26,QP,20260708
QP09N2026,QP01 2026N09-EEX,F:QP09\N26,QP,20260709
QP10N2026,QP01 2026N10-EEX,F:QP10\N26,QP,20260710
QP11N2026,QP01 2026N11-EEX,F:QP11\N26,QP,20260713
QP12N2026,QP01 2026N12-EEX,F:QP12\N26,QP,20260713
QP13N2026,QP01 2026N13-EEX,F:QP13\N26,QP,20260713
QP14N2026,QP01 2026N14-EEX,F:QP14\N26,QP,20260714
QP15N2026,QP01 2026N15-EEX,F:QP15\N26,QP,20260715
QP16N2026,QP01 2026N16-EEX,F:QP16\N26,QP,20260716
QP17N2026,QP01 2026N17-EEX,F:QP17\N26,QP,20260717
QP18N2026,QP01 2026N18-EEX,F:QP18\N26,QP,20260720
QP19N2026,QP01 2026N19-EEX,F:QP19\N26,QP,20260720
QP20N2026,QP01 2026N20-EEX,F:QP20\N26,QP,20260720
QP21N2026,QP01 2026N21-EEX,F:QP21\N26,QP,20260721
QP22N2026,QP22N2026,F:QP22\N26,QP,20260722
QP23N2026,QP23N2026,F:QP23\N26,QP,20260723
QP24N2026,QP24N2026,F:QP24\N26,QP,20260724
QP25N2026,QP25N2026,F:QP25\N26,QP,20260727
QP26N2026,QP26N2026,F:QP26\N26,QP,20260727
QP27N2026,QP27N2026,F:QP27\N26,QP,20260727
QP28N2026,QP28N2026,F:QP28\N26,QP,20260728
QP29N2026,QP29N2026,F:QP29\N26,QP,20260729
QP30N2026,QP30N2026,F:QP30\N26,QP,20260730
QP31N2026,QP31N2026,F:QP31\N26,QP,20260731
QP01Q2026,QP01Q2026,F:QP01\Q26,QP,20260803
QP02Q2026,QP02Q2026,F:QP02\Q26,QP,20260803
QP03Q2026,QP03Q2026,F:QP03\Q26,QP,20260803
QP04Q2026,QP04Q2026,F:QP04\Q26,QP,20260804
QP05Q2026,QP05Q2026,F:QP05\Q26,QP,20260805
QP06Q2026,QP06Q2026,F:QP06\Q26,QP,20260806
QP07Q2026,QP07Q2026,F:QP07\Q26,QP,20260807
QP08Q2026,QP08Q2026,F:QP08\Q26,QP,20260810
QP09Q2026,QP09Q2026,F:QP09\Q26,QP,20260810
QP10Q2026,QP10Q2026,F:QP10\Q26,QP,20260810
QP11Q2026,QP11Q2026,F:QP11\Q26,QP,20260811
QP12Q2026,QP12Q2026,F:QP12\Q26,QP,20260812
QP13Q2026,QP01 2026Q13-EEX,F:QP13\Q26,QP,20260813
QP14Q2026,QP01 2026Q14-EEX,F:QP14\Q26,QP,20260814
QP15Q2026,QP01 2026Q15-EEX,F:QP15\Q26,QP,20260817
QP16Q2026,QP01 2026Q16-EEX,F:QP16\Q26,QP,20260817
QP17Q2026,QP01 2026Q17-EEX,F:QP17\Q26,QP,20260817
QP18Q2026,QP01 2026Q18-EEX,F:QP18\Q26,QP,20260818
QP19Q2026,QP01 2026Q19-EEX,F:QP19\Q26,QP,20260819
QP20Q2026,QP01 2026Q20-EEX,F:QP20\Q26,QP,20260820
QP21Q2026,QP01 2026Q21-EEX,F:QP21\Q26,QP,20260821
QP22Q2026,QP01 2026Q22-EEX,F:QP22\Q26,QP,20260824
QP23Q2026,QP01 2026Q23-EEX,F:QP23\Q26,QP,20260824
